date,PPFD_IN_1_1_1,TS_1_1_1,TS_1_2_1,TS_2_1_1,TS_2_2_1,TS_2_3_1,SWC_1_1_1,SR1,Rh,SR2,SR3,Ra1,Ra2,Ra3,gc
3/15/2023 20:00,0.07,15.24,15.38,15.38,15.465,15.49,21.8,1.58,1.08,NA,NA,0.5,NA,NA,0.001061933
3/15/2023 21:00,0.0575,15.065,15.39,15.205,15.36,15.525,21.8,1.72,1.07,NA,NA,0.65,NA,NA,NA
3/15/2023 22:00,0.055,14.93,15.385,15.08,15.265,15.545,21.8,1.45845,1.06,NA,NA,0.39845,NA,NA,0.000401465
3/15/2023 23:00,0.0675,14.82,15.365,14.975,15.18,15.56,21.8,1.71,0.97,NA,NA,0.74,NA,NA,NA
3/16/2023,0.067,14.725,15.34,14.885,15.11,15.56,21.8,1.53,0.98,NA,NA,0.55,NA,NA,NA
3/16/2023 1:00,0.057,14.61,15.31,14.78,15.04,15.555,21.85,1.5,0.95,NA,NA,0.55,NA,NA,NA
3/16/2023 2:00,0.078,14.505,15.28,14.675,14.96,15.545,21.9,1.46,0.95,NA,NA,0.51,NA,NA,NA
3/16/2023 3:00,0.0655,14.43,15.25,14.605,14.885,15.535,21.9,1.71,0.91,NA,NA,0.8,NA,NA,NA
3/16/2023 4:00,0.06,14.375,15.215,14.55,14.83,15.515,21.95,1.6,0.89,NA,NA,0.71,NA,NA,NA
3/16/2023 5:00,0.0785,14.375,15.19,14.53,14.79,15.495,21.9,1.48,1,NA,NA,0.48,NA,NA,NA
3/16/2023 6:00,9.725,14.455,15.16,14.595,14.785,15.475,21.9,NA,0.91,NA,NA,NA,NA,NA,NA
3/16/2023 7:00,91.99,14.6,15.14,14.73,14.83,15.46,21.9,1.44,0.9,NA,NA,0.54,NA,NA,NA
3/16/2023 8:00,118.725,14.815,15.14,14.93,14.92,15.445,21.85,1.51,0.92,NA,NA,0.59,NA,NA,0.00256002
3/16/2023 9:00,203.35,15.08,15.15,15.18,15.05,15.44,21.8,1.77,0.97,NA,NA,0.8,NA,NA,0.001104754
3/16/2023 10:00,183.65,15.38,15.185,15.475,15.23,15.44,21.8,1.95,1.04,NA,NA,0.91,NA,NA,0.001581354
3/16/2023 11:00,184.9,15.62,15.245,15.725,15.415,15.455,21.8,1.82,0.98,NA,NA,0.84,NA,NA,0.001733984
3/16/2023 12:00,244.1,15.885,15.31,15.98,15.6,15.48,21.8,1.98,1.01,NA,NA,0.97,NA,NA,0.003300434
3/16/2023 13:00,338.4,16.165,15.39,16.265,15.795,15.51,21.7,1.92,1.04,NA,NA,0.88,NA,NA,0.00461018
3/16/2023 14:00,71.465,16.35,15.485,16.495,16.005,15.555,22.85,1.79,1.06,NA,NA,0.73,NA,NA,0.002014805
3/16/2023 15:00,182.95,16.75,15.59,16.91,16.28,15.605,28.9,1.86,1.09,NA,NA,0.77,NA,NA,0.00029788
3/16/2023 16:00,78.89,16.92,15.725,17.03,16.505,15.68,27.75,1.89,1.15,NA,NA,0.74,NA,NA,0.000817306
3/16/2023 17:00,15.56,16.89,15.835,17.02,16.59,15.75,27.3,1.19491,0.63,NA,NA,0.56491,NA,NA,0.00052611
3/16/2023 18:00,2.6925,16.92,15.94,17.06,16.65,15.83,28.35,1.5,0.7,NA,NA,0.8,NA,NA,NA
3/16/2023 19:00,0.0805,16.97,16.015,17.11,16.72,15.905,28.05,1.58,0.83,NA,NA,0.75,NA,NA,0.000434447
3/16/2023 20:00,0.0785,16.96,16.08,17.1,16.755,15.965,27.4,1.58,0.88,NA,NA,0.7,NA,NA,NA
3/16/2023 21:00,0.0625,16.955,16.135,17.115,16.795,16.025,31.1,1.48,0.84,NA,NA,0.64,NA,NA,NA
3/16/2023 22:00,0.02,16.825,16.22,16.98,16.835,16.085,37.45,1.65,0.95,NA,NA,0.7,NA,NA,0.007873013
3/16/2023 23:00,0.039,16.485,16.265,16.67,16.695,16.135,36.65,1.81,1.08,NA,NA,0.73,NA,NA,0.026565243
3/17/2023,0.0615,16.12,16.26,16.335,16.5,16.175,35.9,0.390246,0.81,NA,NA,-0.419754,NA,NA,0.014363717
3/17/2023 1:00,0.0585,15.695,16.23,15.93,16.265,16.195,35.15,0.740625,NA,NA,NA,NA,NA,NA,0.007048471
3/17/2023 2:00,0.073,15.265,16.165,15.515,15.985,16.2,34.55,0.746437,0.23,NA,NA,0.516437,NA,NA,0.009511674
3/17/2023 3:00,0.0615,14.875,16.07,15.135,15.7,16.185,34.1,0.686752,0.21,NA,NA,0.476752,NA,NA,0.007932143
3/17/2023 4:00,0.0785,14.56,15.96,14.81,15.43,16.15,33.6,0.63,0.2,NA,NA,0.43,NA,NA,0.007188596
3/17/2023 5:00,0.0725,14.3,15.84,14.555,15.195,16.095,33.3,0.57,0.23,NA,NA,0.34,NA,NA,0.005603918
3/17/2023 6:00,4.153,14.055,15.71,14.315,14.975,16.035,33,0.569803,0.22,NA,NA,0.349803,NA,NA,0.006410471
3/17/2023 7:00,52.79,13.825,15.59,14.08,14.77,15.965,32.75,0.54,0.27,NA,NA,0.27,NA,NA,0.003403566
3/17/2023 8:00,169.49,13.605,15.465,13.86,14.565,15.89,32.55,0.569257,NA,NA,NA,NA,NA,NA,0.005751679
3/17/2023 9:00,390.7,13.595,15.34,13.825,14.42,15.81,32.25,0.55,0.23,NA,NA,0.32,NA,NA,0.017262729
3/17/2023 10:00,702.95,13.71,15.235,13.9,14.365,15.73,32,0.52,0.22,NA,NA,0.3,NA,NA,0.013070983
3/17/2023 11:00,1245,14.095,15.15,14.205,14.42,15.655,31.75,0.536817,0.25,NA,NA,0.286817,NA,NA,0.021443273
3/17/2023 12:00,1514.5,14.37,15.105,14.445,14.54,15.585,31.45,0.56,0.29,NA,NA,0.27,NA,NA,0.015542267
3/17/2023 13:00,1131,14.75,15.085,14.755,14.695,15.54,31.2,0.66,0.33,NA,NA,0.33,NA,NA,0.015306579
3/17/2023 14:00,1135.5,14.945,15.1,14.98,14.87,15.505,30.95,0.71,0.35,NA,NA,0.36,NA,NA,0.012389
3/17/2023 15:00,1066.5,14.955,15.13,15.045,14.995,15.49,30.75,0.74,0.42,NA,NA,0.32,NA,NA,0.012043555
3/17/2023 16:00,674.45,14.705,15.165,14.86,14.99,15.49,30.55,0.69,0.47,NA,NA,0.22,NA,NA,0.006592753
3/17/2023 17:00,260.4,14.44,15.18,14.645,14.915,15.49,30.35,0.72,0.43,NA,NA,0.29,NA,NA,0.006783914
3/17/2023 18:00,16.7725,14.125,15.16,14.36,14.775,15.49,30.15,0.67,0.47,NA,NA,0.2,NA,NA,0.00426603
3/17/2023 19:00,0.046,13.84,15.12,14.07,14.595,15.485,30,0.67,0.47,NA,NA,0.2,NA,NA,0.002468706
3/17/2023 20:00,0.0545,13.58,15.06,13.815,14.41,15.46,29.8,0.63,0.43,NA,NA,0.2,NA,NA,0.002862367
3/17/2023 21:00,0.046,13.365,14.98,13.6,14.23,15.43,29.65,0.63627,0.46,NA,NA,0.17627,NA,NA,0.002970758
3/17/2023 22:00,0.0585,13.2,14.91,13.43,14.075,15.38,29.5,0.62,0.43,NA,NA,0.19,NA,NA,0.003176321
3/17/2023 23:00,0.0655,13.065,14.815,13.29,13.935,15.33,29.35,0.62758,0.41,NA,NA,0.21758,NA,NA,0.002691302
3/18/2023,0.065,12.965,14.73,13.18,13.815,15.275,29.25,0.64,0.43,NA,NA,0.21,NA,NA,0.003197516
3/18/2023 1:00,0.0755,12.865,14.64,13.07,13.715,15.215,29.1,0.600003,0.41,NA,NA,0.190003,NA,NA,0.00334199
3/18/2023 2:00,0.0715,12.76,14.565,12.965,13.605,15.155,28.95,0.59,0.44,NA,NA,0.15,NA,NA,0.002273691
3/18/2023 3:00,0.0695,12.665,14.495,12.86,13.515,15.095,28.85,0.6,NA,NA,NA,NA,NA,NA,0.003315523
3/18/2023 4:00,0.067,12.555,14.42,12.755,13.415,15.035,28.75,0.590298,0.43,NA,NA,0.160298,NA,NA,0.00215618
3/18/2023 5:00,0.0645,12.455,14.35,12.65,13.32,14.975,28.6,0.58,0.44,NA,NA,0.14,NA,NA,0.001875363
3/18/2023 6:00,10.5655,12.37,14.27,12.57,13.23,14.915,28.5,0.570894,0.42,NA,NA,0.150894,NA,NA,0.006203786
3/18/2023 7:00,135,12.32,14.205,12.505,13.155,14.855,28.4,0.58,0.45,NA,NA,0.13,NA,NA,0.003208954
3/18/2023 8:00,276.9,12.415,14.14,12.57,13.12,14.805,28.25,0.53,0.44,NA,NA,0.09,NA,NA,0.008405856
3/18/2023 9:00,201.8,12.515,14.085,12.665,13.135,14.745,28.1,NA,0.42,NA,NA,NA,NA,NA,0.006019236
3/18/2023 10:00,309.75,12.57,14.05,12.715,13.155,14.695,28,0.56,0.45,NA,NA,0.11,NA,NA,0.008501695
3/18/2023 11:00,493.15,12.79,14.02,12.9,13.205,14.65,27.85,0.57,0.47,NA,NA,0.1,NA,NA,0.009500367
3/18/2023 12:00,588.8,13.07,14.005,13.15,13.32,14.615,27.7,0.56,0.47,NA,NA,0.09,NA,NA,0.008975302
3/18/2023 13:00,567.05,13.345,14.015,13.415,13.47,14.585,27.55,0.6,0.51,NA,NA,0.09,NA,NA,0.009439731
3/18/2023 14:00,344.45,13.505,14.04,13.59,13.63,14.575,27.4,0.63,0.56,NA,NA,0.07,NA,NA,0.009169926
3/18/2023 15:00,493.5,13.56,14.08,13.665,13.72,14.57,27.3,0.63,0.57,NA,NA,0.06,NA,NA,0.006513027
3/18/2023 16:00,309.9,13.625,14.115,13.745,13.8,14.575,27.15,0.69,0.6,NA,NA,0.09,NA,NA,0.009047819
3/18/2023 17:00,108.095,13.505,14.15,13.67,13.825,14.585,27.05,0.68,0.61,NA,NA,0.07,NA,NA,0.004630124
3/18/2023 18:00,15.663,13.315,14.17,13.505,13.785,14.595,26.95,0.7,0.63,NA,NA,0.07,NA,NA,0.00357942
3/18/2023 19:00,0.068,13.05,14.17,13.265,13.68,14.6,26.9,0.67,0.59,NA,NA,0.08,NA,NA,0.002945605
3/18/2023 20:00,0.0585,12.835,14.145,13.05,13.545,14.6,26.8,0.63,0.58,NA,NA,0.05,NA,NA,0.002772324
3/18/2023 21:00,0.059,12.625,14.11,12.85,13.405,14.595,26.75,0.69,0.54,NA,NA,0.15,NA,NA,0.002574104
3/18/2023 22:00,0.056,12.36,14.055,12.585,13.245,14.575,26.7,0.644364,0.54,NA,NA,0.104364,NA,NA,0.002973581
3/18/2023 23:00,0.064,12.085,13.995,12.315,13.06,14.54,26.6,0.612714,0.53,NA,NA,0.082714,NA,NA,0.002140968
3/19/2023,0.0695,11.81,13.915,12.03,12.86,14.5,26.55,0.58,0.55,NA,NA,0.03,NA,NA,0.001708298
3/19/2023 1:00,0.063,11.545,13.825,11.755,12.655,14.455,26.55,0.59,0.49,NA,NA,0.1,NA,NA,0.002216152
3/19/2023 2:00,0.069,11.285,13.725,11.48,12.445,14.395,26.55,0.615829,0.48,NA,NA,0.135829,NA,NA,0.000483551
3/19/2023 3:00,0.0635,11.04,13.625,11.23,12.24,14.33,26.5,0.54,0.5,NA,NA,0.04,NA,NA,0.001654474
3/19/2023 4:00,0.061,10.8,13.51,10.98,12.035,14.26,26.45,0.531592,0.47,NA,NA,0.061592,NA,NA,0.001276198
3/19/2023 5:00,0.069,10.55,13.39,10.72,11.83,14.18,26.4,0.49,0.46,NA,NA,0.03,NA,NA,0.000101944
3/19/2023 6:00,21.9785,10.35,13.27,10.515,11.635,14.1,26.35,0.49,0.45,NA,NA,0.04,NA,NA,0.002149374
3/19/2023 7:00,273.9,10.255,13.15,10.405,11.475,14.01,26.3,0.47,NA,NA,NA,NA,NA,NA,0.001390728
3/19/2023 8:00,704.35,10.425,13.04,10.565,11.405,13.92,26.25,0.465649,0.41,NA,NA,0.055649,NA,NA,0.008071639
3/19/2023 9:00,1051,10.84,12.94,10.97,11.515,13.835,26.1,NA,0.42,NA,NA,NA,NA,NA,0.007789979
3/19/2023 10:00,1332,11.835,12.895,11.665,11.74,13.76,25.95,0.45,0.42,NA,NA,0.03,NA,NA,0.011900939
3/19/2023 11:00,1484.5,12.685,12.915,12.385,12.2,13.7,25.85,0.47,0.45,NA,NA,0.02,NA,NA,0.007270535
3/19/2023 12:00,1513,12.695,13.015,12.495,12.43,13.675,25.85,0.47,0.47,NA,NA,0,NA,NA,0.010751723
3/19/2023 13:00,1631.5,13.225,13.1,12.945,12.68,13.675,25.8,0.584025,0.54,NA,NA,0.044025,NA,NA,0.009712669
3/19/2023 14:00,1415,13.455,13.205,13.385,13.015,13.695,25.7,0.64,0.63,NA,NA,0.01,NA,NA,0.009591751
3/19/2023 15:00,1091.5,13.6,13.32,13.605,13.295,13.73,25.7,0.82,0.76,NA,NA,0.06,NA,NA,0.009369855
3/19/2023 16:00,702.15,13.33,13.435,13.405,13.375,13.785,25.7,0.71,0.84,NA,NA,-0.13,NA,NA,0.006421909
3/19/2023 17:00,293.7,13.035,13.515,13.155,13.335,13.845,25.7,0.69,0.78,NA,NA,-0.09,NA,NA,0.004222913
3/19/2023 18:00,25.378,12.695,13.555,12.84,13.205,13.9,25.7,0.7,0.73,NA,NA,-0.03,NA,NA,0.001229792
3/19/2023 19:00,0.042,12.305,13.555,12.465,13.015,13.935,25.7,0.7,0.66,NA,NA,0.04,NA,NA,0.000273511
3/19/2023 20:00,0.0665,11.97,13.52,12.13,12.795,13.95,25.7,0.64,0.61,NA,NA,0.03,NA,NA,0.000568226
3/19/2023 21:00,0.067,11.665,13.47,11.825,12.58,13.945,25.7,0.62,0.57,NA,NA,0.05,NA,NA,0.000345964
3/19/2023 22:00,0.0685,11.38,13.395,11.53,12.365,13.925,25.65,0.62,0.53,NA,NA,0.09,NA,NA,0.000310527
3/19/2023 23:00,0.0555,11.08,13.305,11.23,12.145,13.89,25.7,0.59,0.53,NA,NA,0.06,NA,NA,0.000114854
3/20/2023,0.0675,10.82,13.21,10.955,11.925,13.84,25.7,0.58,0.5,NA,NA,0.08,NA,NA,9.45E-05
3/20/2023 1:00,0.059,10.58,13.105,10.695,11.715,13.785,25.7,0.54,NA,NA,NA,NA,NA,NA,0.000891725
3/20/2023 2:00,0.06,10.375,12.99,10.49,11.515,13.72,25.7,0.513111,0.5,NA,NA,0.013111,NA,NA,0.001648502
3/20/2023 3:00,0.054,10.21,12.88,10.33,11.355,13.65,25.7,0.51,0.47,NA,NA,0.04,NA,NA,0.001240923
3/20/2023 4:00,0.0665,10.045,12.775,10.17,11.205,13.575,25.65,0.49,0.45,NA,NA,0.04,NA,NA,0.000644708
3/20/2023 5:00,0.071,9.905,12.67,10.025,11.065,13.5,25.6,0.48,0.44,NA,NA,0.04,NA,NA,0.001645647
3/20/2023 6:00,22.737,9.79,12.575,9.91,10.94,13.425,25.6,0.47,0.42,NA,NA,0.05,NA,NA,0.000653746
3/20/2023 7:00,288.8,9.745,12.475,9.85,10.84,13.35,25.6,0.49069,NA,NA,NA,NA,NA,NA,0.001300815
3/20/2023 8:00,536.9,9.975,12.385,10.04,10.815,13.275,25.5,0.45,0.42,NA,NA,0.03,NA,NA,0.004371665
3/20/2023 9:00,929.75,10.41,12.32,10.43,10.945,13.205,25.5,0.46,0.41,NA,NA,0.05,NA,NA,0.006444435
3/20/2023 10:00,1331.5,11.57,12.295,11.31,11.24,13.145,25.3,0.49,0.42,NA,NA,0.07,NA,NA,0.007696941
3/20/2023 11:00,1276,12.625,12.35,12.22,11.815,13.105,25.25,0.47,0.45,NA,NA,0.02,NA,NA,0.007011367
3/20/2023 12:00,533.15,12.725,12.49,12.455,12.185,13.1,25.3,0.48,NA,NA,NA,NA,NA,NA,0.006490246
3/20/2023 13:00,309.25,12.62,12.635,12.485,12.38,13.13,25.3,0.58,0.5,NA,NA,0.08,NA,NA,0.004093122
3/20/2023 14:00,436.8,12.56,12.75,12.515,12.48,13.175,25.2,0.69,0.64,NA,NA,0.05,NA,NA,0.001690799
3/20/2023 15:00,353.8,12.625,12.82,12.62,12.575,13.225,25.2,0.68,0.61,NA,NA,0.07,NA,NA,0.005337962
3/20/2023 16:00,299.8,12.595,12.89,12.64,12.655,13.275,25.2,0.69,0.58,NA,NA,0.11,NA,NA,0.004676203
3/20/2023 17:00,86.91,12.525,12.95,12.6,12.685,13.32,25.2,0.65,0.62,NA,NA,0.03,NA,NA,0.00321028
3/20/2023 18:00,6.474,12.385,12.985,12.505,12.68,13.36,25.2,0.69,0.63,NA,NA,0.06,NA,NA,0.001470719
3/20/2023 19:00,0.07,12.265,13.02,12.405,12.64,13.395,25.2,0.66,0.57,NA,NA,0.09,NA,NA,0.001687716
3/20/2023 20:00,0.0755,12.16,13.03,12.3,12.595,13.425,25.1,0.62,0.6,NA,NA,0.02,NA,NA,0.002243932
3/20/2023 21:00,0.071,12.045,13.03,12.19,12.525,13.445,25.1,0.68,0.57,NA,NA,0.11,NA,NA,0.001623615
3/20/2023 22:00,0.075,11.965,13.02,12.1,12.465,13.45,25.1,0.61,0.56,NA,NA,0.05,NA,NA,0.000417815
3/20/2023 23:00,0.0815,11.905,13.005,12.04,12.41,13.46,25.1,0.603717,0.57,NA,NA,0.033717,NA,NA,0.001599267
3/21/2023,0.0775,11.885,12.99,12.015,12.375,13.455,25.1,0.62,0.55,NA,NA,0.07,NA,NA,0.001217708
3/21/2023 1:00,0.0745,11.885,12.975,12.01,12.355,13.45,25.1,0.61,0.57,NA,NA,0.04,NA,NA,0.000994936
3/21/2023 2:00,0.065,11.885,12.96,12.01,12.345,13.44,25.1,0.59,0.56,NA,NA,0.03,NA,NA,0.00055516
3/21/2023 3:00,0.0705,11.895,12.94,12.01,12.34,13.435,25.1,0.6,0.53,NA,NA,0.07,NA,NA,0.001116186
3/21/2023 4:00,0.061,11.88,12.94,12,12.33,13.43,25.05,0.62,0.57,NA,NA,0.05,NA,NA,0.001720262
3/21/2023 5:00,0.0745,11.895,12.935,12.02,12.33,13.42,25,0.7,0.58,NA,NA,0.12,NA,NA,0.001361614
3/21/2023 6:00,10.188,11.97,12.93,12.08,12.35,13.415,25,0.59,0.54,NA,NA,0.05,NA,NA,0.001345549
3/21/2023 7:00,78.295,12.055,12.93,12.17,12.39,13.41,24.9,0.61,0.54,NA,NA,0.07,NA,NA,0.000990133
3/21/2023 8:00,194.45,12.26,12.945,12.35,12.465,13.41,24.95,0.66,0.55,NA,NA,0.11,NA,NA,NA
3/21/2023 9:00,305.6,12.63,12.965,12.705,12.63,13.41,24.9,0.68,0.6,NA,NA,0.08,NA,NA,0.003094409
3/21/2023 10:00,625.25,13.105,13.01,13.16,12.87,13.42,24.85,0.68,0.55,NA,NA,0.13,NA,NA,0.001846327
3/21/2023 11:00,596.5,13.8,13.09,13.815,13.235,13.44,24.7,0.75,0.6,NA,NA,0.15,NA,NA,0.006519985
3/21/2023 12:00,592.4,14.305,13.21,14.345,13.63,13.485,24.7,0.78,0.63,NA,NA,0.15,NA,NA,0.004916946
3/21/2023 13:00,261.2,14.58,13.36,14.66,13.97,13.545,24.65,0.88,0.68,NA,NA,0.2,NA,NA,0.003331843
3/21/2023 14:00,461.3,14.73,13.515,14.84,14.2,13.625,24.6,0.98,0.72,NA,NA,0.26,NA,NA,0.003208748
3/21/2023 15:00,292.95,15.01,13.665,15.12,14.425,13.715,24.6,0.98,0.76,NA,NA,0.22,NA,NA,0.004975645
3/21/2023 16:00,93.225,15.115,13.8,15.255,14.62,13.81,24.6,1.01,0.73,NA,NA,0.28,NA,NA,0.003186246
3/21/2023 17:00,62.675,15.07,13.935,15.225,14.725,13.905,24.6,1.06,0.76,NA,NA,0.3,NA,NA,0.001279388
3/21/2023 18:00,4.2915,15.035,14.045,15.2,14.775,14,24.6,1.06,0.81,NA,NA,0.25,NA,NA,0.002769778
3/21/2023 19:00,0.0635,14.965,14.135,15.14,14.79,14.08,24.6,1.02,0.85,NA,NA,0.17,NA,NA,0.000725321
3/21/2023 20:00,0.0775,14.955,14.21,15.12,14.8,14.16,24.55,1.05,0.76,NA,NA,0.29,NA,NA,NA
3/21/2023 21:00,0.076,14.98,14.265,15.135,14.82,14.225,24.5,1.11,0.83,NA,NA,0.28,NA,NA,NA
3/21/2023 22:00,0.0725,15.035,14.315,15.185,14.86,14.285,24.45,1.06,0.83,NA,NA,0.23,NA,NA,NA
3/21/2023 23:00,0.069,15.085,14.37,15.235,14.91,14.34,24.4,1.12,0.81,NA,NA,0.31,NA,NA,NA
3/22/2023,0.077,15.13,14.425,15.28,14.96,14.39,24.4,1.11,0.84,NA,NA,0.27,NA,NA,NA
3/22/2023 1:00,0.079,15.19,14.47,15.325,15.005,14.435,24.4,1.13,0.86,NA,NA,0.27,NA,NA,NA
3/22/2023 2:00,0.075,15.22,14.525,15.36,15.05,14.48,24.4,1.12,0.82,NA,NA,0.3,NA,NA,NA
3/22/2023 3:00,0.074,15.245,14.57,15.385,15.08,14.53,24.4,1.11,0.89,NA,NA,0.22,NA,NA,NA
3/22/2023 4:00,0.079,15.31,14.62,15.445,15.13,14.57,24.4,1.21,1.01,NA,NA,0.2,NA,NA,NA
3/22/2023 5:00,0.077,15.35,14.66,15.485,15.175,14.61,24.4,1.22,0.88,NA,NA,0.34,NA,NA,NA
3/22/2023 6:00,13.329,15.385,14.7,15.515,15.215,14.65,24.4,1.23,0.91,NA,NA,0.32,NA,NA,NA
3/22/2023 7:00,73.675,15.445,14.75,15.57,15.255,14.69,24.4,1.22,0.99,NA,NA,0.23,NA,NA,0.00042421
3/22/2023 8:00,198.35,15.605,14.785,15.725,15.325,14.73,24.4,1.18,0.93,NA,NA,0.25,NA,NA,0.000183614
3/22/2023 9:00,431.15,15.87,14.835,15.97,15.46,14.77,24.3,1.28,1.03,NA,NA,0.25,NA,NA,0.002792392
3/22/2023 10:00,695.8,16.365,14.905,16.425,15.68,14.81,24.25,1.32,0.92,NA,NA,0.4,NA,NA,0.005413937
3/22/2023 11:00,889.75,16.87,15,16.915,16,14.855,24.15,1.31,0.93,NA,NA,0.38,NA,NA,0.00725218
3/22/2023 12:00,964,17.37,15.125,17.405,16.34,14.92,24.1,1.43,1,NA,NA,0.43,NA,NA,0.01154967
3/22/2023 13:00,858.9,17.81,15.28,17.84,16.685,15,24,1.48,1.03,NA,NA,0.45,NA,NA,0.006893796
3/22/2023 14:00,742.45,18.11,15.44,18.17,17.005,15.1,23.95,1.5,1.1,NA,NA,0.4,NA,NA,0.006152375
3/22/2023 15:00,692.8,18.265,15.615,18.365,17.25,15.21,23.9,1.52,1.2,NA,NA,0.32,NA,NA,0.005934287
3/22/2023 16:00,654.25,18.25,15.775,18.39,17.4,15.33,23.9,1.6,NA,NA,NA,NA,NA,NA,0.005414254
3/22/2023 17:00,240.05,18.165,15.92,18.325,17.48,15.44,23.9,1.51,NA,NA,NA,NA,NA,NA,0.00303784
3/22/2023 18:00,20.57,17.915,16.035,18.095,17.455,15.555,23.9,1.73,NA,NA,NA,NA,NA,NA,0.001756646
3/22/2023 19:00,0.0545,17.67,16.115,17.855,17.36,15.655,23.9,1.54,NA,NA,NA,NA,NA,NA,0.00092208
3/22/2023 20:00,0.0675,17.455,16.165,17.64,17.245,15.735,23.9,2.09,NA,NA,NA,NA,NA,NA,NA
3/22/2023 21:00,0.0735,17.285,16.195,17.465,17.135,15.8,23.9,1.55,NA,NA,NA,NA,NA,NA,NA
3/22/2023 22:00,0.072,17.13,16.195,17.3,17.025,15.85,23.9,1.42,NA,NA,NA,NA,NA,NA,NA
3/22/2023 23:00,0.0745,17.07,16.195,17.23,16.945,15.885,23.9,1.46,NA,NA,NA,NA,NA,NA,NA
3/23/2023,0.064,17.055,16.185,17.205,16.9,15.91,23.9,2.16,1.09,NA,NA,1.07,NA,NA,NA
3/23/2023 1:00,0.0685,17.04,16.185,17.19,16.875,15.925,23.9,1.48,1.16,NA,NA,0.32,NA,NA,NA
3/23/2023 2:00,0.071,17.035,16.19,17.18,16.865,15.945,23.9,1.54,1.09,NA,NA,0.45,NA,NA,NA
3/23/2023 3:00,0.0675,17.04,16.195,17.185,16.86,15.965,24,1.46,1.08,NA,NA,0.38,NA,NA,NA
3/23/2023 4:00,0.0725,17.03,16.195,17.175,16.86,15.98,24,1.52,1.17,NA,NA,0.35,NA,NA,NA
3/23/2023 5:00,0.079,17.03,16.205,17.17,16.86,15.995,24,1.5,1.13,NA,NA,0.37,NA,NA,0.000774686
3/23/2023 6:00,31.5305,17.02,16.22,17.165,16.86,16.015,24,1.57,1.12,NA,NA,0.45,NA,NA,0.000443649
3/23/2023 7:00,214.2,17.015,16.23,17.165,16.85,16.025,24,1.51,1.1,NA,NA,0.41,NA,NA,0.001798509
3/23/2023 8:00,310.55,17.225,16.24,17.34,16.9,16.045,24,1.85,1.14,NA,NA,0.71,NA,NA,0.003036812
3/23/2023 9:00,477.85,17.505,16.26,17.605,17.03,16.06,23.95,1.55,1.2,NA,NA,0.35,NA,NA,0.003960547
3/23/2023 10:00,759,17.955,16.305,17.995,17.23,16.085,23.85,1.56,1.09,NA,NA,0.47,NA,NA,0.006103906
3/23/2023 11:00,1140.5,18.525,16.385,18.49,17.525,16.12,23.8,1.5,1.16,NA,NA,0.34,NA,NA,0.009070081
3/23/2023 12:00,1429.5,18.885,16.495,18.87,17.82,16.165,23.7,1.66,1.17,NA,NA,0.49,NA,NA,0.00973401
3/23/2023 13:00,1591,19.55,16.625,19.47,18.165,16.23,23.6,1.65,1.2,NA,NA,0.45,NA,NA,0.006380447
3/23/2023 14:00,1240.5,19.795,16.785,19.81,18.55,16.31,23.5,1.73,1.3,NA,NA,0.43,NA,NA,0.005215549
3/23/2023 15:00,885,19.735,16.96,19.81,18.74,16.405,23.5,1.68,NA,NA,NA,NA,NA,NA,0.005006581
3/23/2023 16:00,445.95,19.62,17.1,19.735,18.81,16.52,23.5,1.68,NA,NA,NA,NA,NA,NA,0.003706541
3/23/2023 17:00,185.65,19.445,17.215,19.59,18.82,16.625,23.5,1.85,NA,NA,NA,NA,NA,NA,0.002451992
3/23/2023 18:00,15.0655,19.2,17.3,19.37,18.75,16.72,23.5,2.09,NA,NA,NA,NA,NA,NA,0.001581795
3/23/2023 19:00,0.0685,18.96,17.35,19.14,18.64,16.805,23.5,2.15,NA,NA,NA,NA,NA,NA,0.000739594
3/23/2023 20:00,0.059,18.805,17.375,18.985,18.535,16.865,23.5,1.79,NA,NA,NA,NA,NA,NA,NA
3/23/2023 21:00,0.0605,18.665,17.385,18.84,18.445,16.92,23.5,1.94,NA,NA,NA,NA,NA,NA,NA
3/23/2023 22:00,0.0775,18.61,17.385,18.77,18.365,16.95,23.5,1.89,NA,NA,NA,NA,NA,NA,NA
3/23/2023 23:00,0.0685,18.56,17.375,18.725,18.32,16.975,23.5,1.79,NA,NA,NA,NA,NA,NA,NA
3/24/2023,0.0865,18.505,17.38,18.665,18.28,16.995,23.5,1.76,NA,NA,NA,NA,NA,NA,NA
3/24/2023 1:00,0.0785,18.43,17.375,18.59,18.235,17.015,23.5,1.76949,NA,NA,NA,NA,NA,NA,NA
3/24/2023 2:00,0.069,18.36,17.365,18.52,18.185,17.025,23.5,1.89,NA,NA,NA,NA,NA,NA,NA
3/24/2023 3:00,0.0715,18.285,17.36,18.445,18.135,17.04,23.5,1.86,NA,NA,NA,NA,NA,NA,NA
3/24/2023 4:00,0.063,18.185,17.355,18.34,18.075,17.045,23.5,1.69,NA,NA,NA,NA,NA,NA,NA
3/24/2023 5:00,0.0835,18.155,17.34,18.3,18.02,17.05,23.5,2.12,1.34,NA,NA,0.78,NA,NA,NA
3/24/2023 6:00,24.524,18.14,17.325,18.285,17.995,17.05,23.5,1.68,1.43,NA,NA,0.25,NA,NA,0.000572258
3/24/2023 7:00,118.55,18.13,17.315,18.275,17.975,17.05,23.5,2.89,1.39,NA,NA,1.5,NA,NA,0.00045552
3/24/2023 8:00,330.9,18.22,17.31,18.36,17.99,17.055,23.5,1.86,1.36,NA,NA,0.5,NA,NA,0.002111731
3/24/2023 9:00,513.45,18.48,17.31,18.605,18.075,17.06,23.45,1.86,1.28,NA,NA,0.58,NA,NA,0.005867639
3/24/2023 10:00,797.4,18.83,17.33,18.89,18.225,17.065,23.4,2.59,1.3,NA,NA,1.29,NA,NA,0.005931796
3/24/2023 11:00,940.35,19.2,17.385,19.24,18.445,17.085,23.3,1.85,1.28,NA,NA,0.57,NA,NA,0.008915116
3/24/2023 12:00,323.7,19.36,17.455,19.44,18.64,17.11,23.3,1.83,1.32,NA,NA,0.51,NA,NA,0.008098696
3/24/2023 13:00,621.7,19.39,17.54,19.495,18.745,17.15,23.3,1.87,1.33,NA,NA,0.54,NA,NA,0.004399774
3/24/2023 14:00,1012.5,19.61,17.615,19.73,18.89,17.205,23.45,1.99,1.39,NA,NA,0.6,NA,NA,0.011124551
3/24/2023 15:00,1059,19.785,17.7,19.935,19.06,17.255,23.35,1.91,1.37,NA,NA,0.54,NA,NA,0.023442798
3/24/2023 16:00,725,19.805,17.775,20,19.175,17.315,23.3,1.99,1.47,NA,NA,0.52,NA,NA,0.008487729
3/24/2023 17:00,290.9,19.69,17.86,19.905,19.23,17.375,23.3,2.4,NA,NA,NA,NA,NA,NA,0.006007589
3/24/2023 18:00,24.421,19.43,17.92,19.645,19.16,17.445,23.3,2.25,NA,NA,NA,NA,NA,NA,0.008604154
3/24/2023 19:00,0.0575,19.07,17.955,19.29,19,17.495,23.3,2.29,NA,NA,NA,NA,NA,NA,0.002410331
3/24/2023 20:00,0.0725,18.72,17.95,18.93,18.795,17.535,23.3,2.82,NA,NA,NA,NA,NA,NA,NA
3/24/2023 21:00,0.067,18.375,17.92,18.585,18.565,17.555,23.2,2.51,NA,NA,NA,NA,NA,NA,0.003923162
3/24/2023 22:00,0.061,18.045,17.86,18.255,18.33,17.56,23.2,2.26,NA,NA,NA,NA,NA,NA,0.00075417
3/24/2023 23:00,0.0585,17.775,17.79,17.97,18.11,17.545,23.2,2.48,1.26,NA,NA,1.22,NA,NA,0.003439342
3/25/2023,0.0655,17.51,17.7,17.705,17.9,17.52,23.2,1.91,1.35,NA,NA,0.56,NA,NA,0.002362765
3/25/2023 1:00,0.071,17.265,17.615,17.455,17.7,17.48,23.2,1.59,1.18,NA,NA,0.41,NA,NA,0.002280331
3/25/2023 2:00,0.0715,17.015,17.515,17.205,17.5,17.44,23.2,1.62,1.14,NA,NA,0.48,NA,NA,0.002989243
3/25/2023 3:00,0.0595,16.79,17.415,16.965,17.305,17.385,23.2,1.77,1.17,NA,NA,0.6,NA,NA,0.002212324
3/25/2023 4:00,0.066,16.555,17.31,16.73,17.115,17.335,23.2,1.44,1.21,NA,NA,0.23,NA,NA,0.001610821
3/25/2023 5:00,0.0765,16.31,17.21,16.485,16.92,17.27,23.2,1.42,1.06,NA,NA,0.36,NA,NA,0.001356989
3/25/2023 6:00,34.295,16.065,17.095,16.24,16.72,17.205,23.2,1.38,1.03,NA,NA,0.35,NA,NA,0.002230217
3/25/2023 7:00,344,15.915,16.99,16.085,16.54,17.135,23.2,1.36,1,NA,NA,0.36,NA,NA,0.004716916
3/25/2023 8:00,769.4,16.095,16.88,16.26,16.465,17.06,23.2,1.28,1.01,NA,NA,0.27,NA,NA,0.00523802
3/25/2023 9:00,1075,16.51,16.795,16.635,16.585,16.99,23.1,1.27,0.97,NA,NA,0.3,NA,NA,0.009074244
3/25/2023 10:00,1475.5,17.745,16.76,17.335,16.81,16.925,23,1.41,0.98,NA,NA,0.43,NA,NA,0.0091715
3/25/2023 11:00,1687.5,18.6,16.79,18.075,17.305,16.885,22.9,1.4,1.07,NA,NA,0.33,NA,NA,0.006620777
3/25/2023 12:00,1740.5,18.425,16.91,18.125,17.535,16.87,22.85,1.56,1.2,NA,NA,0.36,NA,NA,0.00588679
3/25/2023 13:00,1611.5,18.845,17.02,18.63,17.785,16.89,22.8,1.37,1.15,NA,NA,0.22,NA,NA,0.00614819
3/25/2023 14:00,1446,18.93,17.13,18.855,18.085,16.93,22.75,1.68,1.3,NA,NA,0.38,NA,NA,0.004148766
3/25/2023 15:00,1116,18.77,17.235,18.76,18.18,16.985,22.7,1.61,1.46,NA,NA,0.15,NA,NA,0.004002486
3/25/2023 16:00,727.1,18.63,17.32,18.68,18.2,17.045,22.7,1.8,NA,NA,NA,NA,NA,NA,0.003686232
3/25/2023 17:00,322.65,18.45,17.375,18.55,18.185,17.105,22.7,1.81,NA,NA,NA,NA,NA,NA,0.001885932
3/25/2023 18:00,34.883,18.165,17.405,18.305,18.1,17.15,22.7,1.79,NA,NA,NA,NA,NA,NA,0.001070264
3/25/2023 19:00,0.042,17.82,17.415,17.975,17.945,17.19,22.7,2.3,NA,NA,NA,NA,NA,NA,0.000526315
3/25/2023 20:00,0.065,17.49,17.39,17.655,17.74,17.21,22.7,2.32,NA,NA,NA,NA,NA,NA,0.000682499
3/25/2023 21:00,0.047,17.165,17.35,17.34,17.535,17.215,22.75,1.81573,NA,NA,NA,NA,NA,NA,NA
3/25/2023 22:00,0.0645,16.845,17.27,17.02,17.31,17.205,22.8,1.57,NA,NA,NA,NA,NA,NA,0.000475444
3/25/2023 23:00,0.072,16.555,17.19,16.725,17.085,17.18,22.8,1.5,1.15,NA,NA,0.35,NA,NA,0.000225665
3/26/2023,0.071,16.275,17.1,16.44,16.865,17.14,22.8,1.46,1.08,NA,NA,0.38,NA,NA,NA
3/26/2023 1:00,0.046,16,17,16.145,16.645,17.095,22.8,1.46,1.08,NA,NA,0.38,NA,NA,NA
3/26/2023 2:00,0.047,15.725,16.89,15.84,16.41,17.035,22.8,1.38,1.03,NA,NA,0.35,NA,NA,0.00169748
3/26/2023 3:00,0.078,15.54,16.775,15.665,16.215,16.97,22.8,1.26,1.04,NA,NA,0.22,NA,NA,NA
3/26/2023 4:00,0.054,15.385,16.665,15.53,16.065,16.9,22.8,1.32,0.97,NA,NA,0.35,NA,NA,0.000427704
3/26/2023 5:00,0.092,15.2,16.555,15.345,15.91,16.83,22.8,1.28,0.97,NA,NA,0.31,NA,NA,0.000611435
3/26/2023 6:00,43.35,15.035,16.445,15.175,15.76,16.755,22.8,1.29,0.93,NA,NA,0.36,NA,NA,0.00066313
3/26/2023 7:00,360.75,14.98,16.345,15.095,15.625,16.68,22.8,1.26,0.94,NA,NA,0.32,NA,NA,0.002156042
3/26/2023 8:00,759.1,15.295,16.245,15.405,15.625,16.605,22.8,1.18,0.89,NA,NA,0.29,NA,NA,0.005359713
3/26/2023 9:00,1006.5,15.81,16.18,15.905,15.835,16.535,22.7,1.27,0.88,NA,NA,0.39,NA,NA,0.00580109
3/26/2023 10:00,743.9,16.43,16.175,16.39,16.08,16.48,22.6,1.42,0.95,NA,NA,0.47,NA,NA,0.005057255
3/26/2023 11:00,636.75,16.82,16.215,16.775,16.375,16.455,22.5,1.32,1,NA,NA,0.32,NA,NA,0.003933841
3/26/2023 12:00,451.25,17.04,16.29,17.04,16.605,16.44,22.5,1.46,1.07,NA,NA,0.39,NA,NA,0.003358696
3/26/2023 13:00,344.1,17.105,16.375,17.155,16.775,16.455,22.45,1.56,1.13,NA,NA,0.43,NA,NA,0.001973579
3/26/2023 14:00,441.6,17.195,16.45,17.26,16.89,16.485,22.4,1.52,1.16,NA,NA,0.36,NA,NA,0.005139099
3/26/2023 15:00,280.1,17.245,16.52,17.32,16.985,16.52,22.4,1.69,1.18,NA,NA,0.51,NA,NA,0.003056789
3/26/2023 16:00,360.8,17.28,16.575,17.365,17.05,16.55,22.4,1.96,1.17,NA,NA,0.79,NA,NA,0.003522151
3/26/2023 17:00,100.8,17.28,16.62,17.38,17.105,16.59,22.4,1.8,1.18,NA,NA,0.62,NA,NA,0.003354267
3/26/2023 18:00,22.551,17.17,16.67,17.305,17.115,16.62,22.4,1.68,1.18,NA,NA,0.5,NA,NA,0.000685021
3/26/2023 19:00,0.051,17,16.69,17.155,17.06,16.655,22.4,1.93,1.18,NA,NA,0.75,NA,NA,0.000998246
3/26/2023 20:00,0.0565,16.785,16.705,16.945,16.97,16.675,22.4,2.85,1.14,NA,NA,1.71,NA,NA,0.000300671
3/26/2023 21:00,0.069,16.575,16.695,16.745,16.84,16.69,22.4,1.65,1.21,NA,NA,0.44,NA,NA,0.000135684
3/26/2023 22:00,0.0785,16.38,16.66,16.555,16.715,16.695,22.4,1.76,1.08,NA,NA,0.68,NA,NA,0.00036473
3/26/2023 23:00,0.0695,16.2,16.63,16.365,16.585,16.69,22.4,1.97,1.04,NA,NA,0.93,NA,NA,NA
3/27/2023,0.0515,16.03,16.58,16.2,16.45,16.675,22.4,1.64987,1.11,NA,NA,0.53987,NA,NA,NA
3/27/2023 1:00,0.0655,15.87,16.525,16.045,16.325,16.65,22.4,1.54,1.02,NA,NA,0.52,NA,NA,0.001096818
3/27/2023 2:00,0.0695,15.725,16.465,15.9,16.2,16.62,22.4,2.03,1.04,NA,NA,0.99,NA,NA,0.001068022
3/27/2023 3:00,0.0615,15.6,16.4,15.78,16.095,16.585,22.4,1.99,1.05,NA,NA,0.94,NA,NA,0.002710907
3/27/2023 4:00,0.069,15.495,16.34,15.67,15.995,16.55,22.4,1.51,0.97,NA,NA,0.54,NA,NA,0.000976221
3/27/2023 5:00,0.089,15.38,16.275,15.535,15.895,16.51,22.4,1.42,1.01,NA,NA,0.41,NA,NA,0.001064853
3/27/2023 6:00,44.96,15.255,16.215,15.42,15.785,16.465,22.4,1.58,0.96,NA,NA,0.62,NA,NA,0.000711047
3/27/2023 7:00,337.55,15.24,16.145,15.405,15.71,16.42,22.4,1.33,0.96,NA,NA,0.37,NA,NA,0.0015764
3/27/2023 8:00,735.3,15.475,16.095,15.605,15.72,16.38,22.35,1.31,0.95,NA,NA,0.36,NA,NA,0.00492262
3/27/2023 9:00,1039,15.86,16.06,15.97,15.87,16.34,22.3,1.47,0.94,NA,NA,0.53,NA,NA,0.006545269
3/27/2023 10:00,1448,17.04,16.065,16.72,16.14,16.305,22.15,1.35,0.98,NA,NA,0.37,NA,NA,0.006287723
3/27/2023 11:00,1649,17.86,16.14,17.405,16.635,16.29,22.05,1.34,0.99,NA,NA,0.35,NA,NA,0.006957606
3/27/2023 12:00,1678,17.87,16.285,17.6,16.925,16.31,22,1.35,1.07,NA,NA,0.28,NA,NA,0.005400805
3/27/2023 13:00,1605,18.285,16.425,18.155,17.235,16.355,21.95,1.43,1.14,NA,NA,0.29,NA,NA,0.003406131
3/27/2023 14:00,1423.5,18.54,16.565,18.48,17.59,16.415,21.9,1.63,1.16,NA,NA,0.47,NA,NA,0.005286407
3/27/2023 15:00,1023,18.53,16.705,18.535,17.785,16.49,21.85,1.59,1.35,NA,NA,0.24,NA,NA,0.003453871
3/27/2023 16:00,611.75,18.505,16.84,18.56,17.895,16.585,21.8,1.93,1.54,NA,NA,0.39,NA,NA,0.003614864
3/27/2023 17:00,185.6,18.44,16.94,18.53,17.96,16.67,21.8,2.01,NA,NA,NA,NA,NA,NA,0.001676612
3/27/2023 18:00,26.6725,18.25,17.025,18.39,17.96,16.75,21.8,2.28,NA,NA,NA,NA,NA,NA,0.0004235
3/27/2023 19:00,0.0475,17.985,17.09,18.14,17.88,16.825,21.8,2.6,NA,NA,NA,NA,NA,NA,0.001292155
3/27/2023 20:00,0.047,17.72,17.11,17.89,17.745,16.88,21.8,3.23,NA,NA,NA,NA,NA,NA,0.000587519
3/27/2023 21:00,0.054,17.48,17.11,17.655,17.605,16.92,21.8,2.28,NA,NA,NA,NA,NA,NA,0.000649675
3/27/2023 22:00,0.047,17.265,17.085,17.45,17.455,16.945,21.8,2.71,NA,NA,NA,NA,NA,NA,0.00081109
3/27/2023 23:00,0.0585,17.115,17.05,17.29,17.32,16.955,21.8,1.93,1.26,NA,NA,0.67,NA,NA,0.000641933
3/28/2023,0.057,16.96,17.01,17.145,17.21,16.95,21.8,1.82,1.3,NA,NA,0.52,NA,NA,0.000325894
3/28/2023 1:00,0.077,16.805,16.965,16.98,17.09,16.945,21.8,1.74,1.22,NA,NA,0.52,NA,NA,0.000331381
3/28/2023 2:00,0.0545,16.67,16.92,16.845,16.975,16.925,21.8,1.71,1.3,NA,NA,0.41,NA,NA,0.000361105
3/28/2023 3:00,0.0695,16.575,16.87,16.745,16.875,16.905,21.8,1.6,1.22,NA,NA,0.38,NA,NA,0.001762833
3/28/2023 4:00,0.0675,16.495,16.82,16.66,16.79,16.88,21.8,1.64,1.15,NA,NA,0.49,NA,NA,0.001054185
3/28/2023 5:00,0.0865,16.405,16.77,16.565,16.715,16.855,21.8,1.86,1.17,NA,NA,0.69,NA,NA,0.000982686
3/28/2023 6:00,28.6815,16.305,16.725,16.47,16.64,16.825,21.8,1.59986,1.11,NA,NA,0.48986,NA,NA,0.002017177
3/28/2023 7:00,198,16.25,16.675,16.415,16.565,16.795,21.8,2.23,1.18,NA,NA,1.05,NA,NA,0.007308691
3/28/2023 8:00,564.95,16.28,16.63,16.435,16.525,16.765,21.8,1.83,1.09,NA,NA,0.74,NA,NA,0.005065287
3/28/2023 9:00,944,16.455,16.6,16.575,16.55,16.735,21.8,1.76,1.12,NA,NA,0.64,NA,NA,0.007756744
3/28/2023 10:00,1244,17.265,16.575,17.145,16.7,16.71,21.65,1.72,1.09,NA,NA,0.63,NA,NA,0.008702873
3/28/2023 11:00,1057.85,17.595,16.61,17.435,16.985,16.69,21.6,1.56,1.09,NA,NA,0.47,NA,NA,0.005267077
3/28/2023 12:00,1561,17.54,16.675,17.455,17.09,16.69,21.55,1.59,1.2,NA,NA,0.39,NA,NA,0.008924611
3/28/2023 13:00,1634,17.805,16.73,17.755,17.235,16.705,21.5,1.59,1.15,NA,NA,0.44,NA,NA,0.006779981
3/28/2023 14:00,1382.5,17.88,16.8,17.865,17.405,16.73,21.5,1.61,1.22,NA,NA,0.39,NA,NA,0.006129213
3/28/2023 15:00,693.75,17.78,16.865,17.82,17.465,16.77,21.4,1.6,1.27,NA,NA,0.33,NA,NA,0.004698071
3/28/2023 16:00,499.7,17.635,16.91,17.715,17.465,16.81,21.4,1.82,1.61,NA,NA,0.21,NA,NA,0.004547566
3/28/2023 17:00,197.35,17.41,16.94,17.54,17.41,16.845,21.4,1.92,NA,NA,NA,NA,NA,NA,0.00353441
3/28/2023 18:00,17.0385,17.135,16.95,17.3,17.295,16.875,21.4,1.94,NA,NA,NA,NA,NA,NA,0.002171148
3/28/2023 19:00,0.0515,16.85,16.94,17.03,17.145,16.895,21.4,1.81,NA,NA,NA,NA,NA,NA,0.001017953
3/28/2023 20:00,0.064,16.61,16.9,16.795,16.98,16.9,21.4,1.85,NA,NA,NA,NA,NA,NA,0.000775284
3/28/2023 21:00,0.065,16.39,16.84,16.58,16.82,16.89,21.4,1.62,1.17,NA,NA,0.45,NA,NA,0.000520487
3/28/2023 22:00,0.064,16.185,16.78,16.375,16.66,16.87,21.4,1.61,1.15,NA,NA,0.46,NA,NA,0.000938029
3/28/2023 23:00,0.059,15.96,16.71,16.16,16.5,16.84,21.5,1.61,1.15,NA,NA,0.46,NA,NA,0.00111126
3/29/2023,0.0655,15.8,16.64,15.99,16.345,16.81,21.5,1.49,1.14,NA,NA,0.35,NA,NA,0.000722597
3/29/2023 1:00,0.067,15.665,16.555,15.855,16.22,16.76,21.5,1.49,1.09,NA,NA,0.4,NA,NA,0.001768188
3/29/2023 2:00,0.056,15.55,16.48,15.73,16.1,16.715,21.5,1.52,1.09,NA,NA,0.43,NA,NA,0.000970997
3/29/2023 3:00,0.079,15.44,16.41,15.62,15.995,16.67,21.5,1.63,1.08,NA,NA,0.55,NA,NA,0.000534945
3/29/2023 4:00,0.06,15.29,16.335,15.455,15.88,16.62,21.65,1.4,1.09,NA,NA,0.31,NA,NA,0.002752864
3/29/2023 5:00,0.071,15.11,16.265,15.265,15.74,16.57,22.15,1.41,1.03,NA,NA,0.38,NA,NA,NA
3/29/2023 6:00,19.881,14.925,16.19,15.055,15.58,16.515,22.5,1.53,1.09,NA,NA,0.44,NA,NA,0.003639006
3/29/2023 7:00,94.85,14.77,16.1,14.9,15.425,16.455,22.35,1.49,1.07,NA,NA,0.42,NA,NA,0.003196622
3/29/2023 8:00,142.35,14.745,16.015,14.87,15.335,16.395,22.4,1.57,1.12,NA,NA,0.45,NA,NA,0.00210302
3/29/2023 9:00,248.65,14.72,15.945,14.855,15.285,16.335,22.45,1.37,1.06,NA,NA,0.31,NA,NA,0.006010589
3/29/2023 10:00,727.7,14.845,15.88,14.95,15.265,16.28,22.4,1.42,1.03,NA,NA,0.39,NA,NA,0.013720548
3/29/2023 11:00,1478,15.27,15.83,15.33,15.375,16.23,22.35,1.35,1.04,NA,NA,0.31,NA,NA,0.031266071
3/29/2023 12:00,1438,15.63,15.825,15.67,15.575,16.19,22.3,1.33,1.07,NA,NA,0.26,NA,NA,0.026711439
3/29/2023 13:00,1691.5,16.05,15.86,16.1,15.805,16.165,22.25,1.39,1.11,NA,NA,0.28,NA,NA,0.022262568
3/29/2023 14:00,1466,16.385,15.91,16.455,16.085,16.16,22.2,1.49,1.15,NA,NA,0.34,NA,NA,0.016599336
3/29/2023 15:00,1059,16.51,15.99,16.605,16.28,16.175,22.2,1.51,1.19,NA,NA,0.32,NA,NA,0.011502776
3/29/2023 16:00,549.75,16.555,16.07,16.67,16.405,16.2,22.2,1.64,1.6,NA,NA,0.04,NA,NA,0.009243215
3/29/2023 17:00,141.65,16.545,16.135,16.68,16.48,16.24,22.2,1.77,1.44,NA,NA,0.33,NA,NA,0.003215178
3/29/2023 18:00,21.9445,16.465,16.19,16.63,16.5,16.28,22.2,1.81,1.36,NA,NA,0.45,NA,NA,0.001512971
3/29/2023 19:00,0.062,16.355,16.23,16.535,16.48,16.32,22.2,1.66,1.27,NA,NA,0.39,NA,NA,0.00072958
3/29/2023 20:00,0.068,16.26,16.255,16.44,16.435,16.345,22.2,1.72,1.24,NA,NA,0.48,NA,NA,0.001914561
3/29/2023 21:00,0.0725,16.135,16.26,16.32,16.375,16.365,22.2,1.58,1.19,NA,NA,0.39,NA,NA,0.002008576
3/29/2023 22:00,0.055,15.965,16.255,16.165,16.295,16.38,22.2,1.97,1.22,NA,NA,0.75,NA,NA,0.001656387
3/29/2023 23:00,0.058,15.795,16.235,15.985,16.185,16.38,22.2,1.6,1.15,NA,NA,0.45,NA,NA,0.001041658
3/30/2023,0.0655,15.685,16.21,15.865,16.085,16.375,22.2,1.53,1.16,NA,NA,0.37,NA,NA,0.000238907
3/30/2023 1:00,0.0655,15.595,16.17,15.785,16,16.365,22.2,1.53,1.09,NA,NA,0.44,NA,NA,0.000330463
3/30/2023 2:00,0.077,15.57,16.135,15.75,15.94,16.345,22.2,1.47,1.1,NA,NA,0.37,NA,NA,0.001301606
3/30/2023 3:00,0.0765,15.555,16.1,15.73,15.91,16.325,22.2,1.5,1.1,NA,NA,0.4,NA,NA,0.000563331
3/30/2023 4:00,0.06,15.525,16.07,15.705,15.875,16.305,22.2,1.43,1.09,NA,NA,0.34,NA,NA,0.000630543
3/30/2023 5:00,0.076,15.49,16.04,15.665,15.84,16.285,22.2,1.46,1.08,NA,NA,0.38,NA,NA,0.000873551
3/30/2023 6:00,18.7455,15.485,16.02,15.645,15.81,16.265,22.2,1.59,1.14,NA,NA,0.45,NA,NA,NA
3/30/2023 7:00,77.28,15.51,15.995,15.67,15.8,16.245,22.1,1.42,1.06,NA,NA,0.36,NA,NA,0.001529766
3/30/2023 8:00,358.4,15.615,15.975,15.755,15.82,16.225,22.1,1.53,1.11,NA,NA,0.42,NA,NA,0.003250548
3/30/2023 9:00,408.75,15.865,15.97,15.975,15.9,16.21,22.1,1.48,1.08,NA,NA,0.4,NA,NA,0.004655388
3/30/2023 10:00,656.4,16.135,15.985,16.24,16.04,16.2,22,1.85,1.13,NA,NA,0.72,NA,NA,0.003544123
3/30/2023 11:00,517.4,16.56,16.02,16.66,16.255,16.2,22,1.55,1.13,NA,NA,0.42,NA,NA,0.004890684
3/30/2023 12:00,548,16.865,16.085,16.975,16.5,16.215,22,1.7,1.13,NA,NA,0.57,NA,NA,0.005908448
3/30/2023 13:00,242.9,17.06,16.17,17.19,16.705,16.24,22,1.63,1.17,NA,NA,0.46,NA,NA,0.00460668
3/30/2023 14:00,183.75,17.125,16.255,17.28,16.845,16.28,22,1.72,1.19,NA,NA,0.53,NA,NA,0.00173074
3/30/2023 15:00,336.6,17.215,16.335,17.38,16.945,16.325,22,1.83,1.24,NA,NA,0.59,NA,NA,0.00375837
3/30/2023 16:00,316.9,17.405,16.41,17.565,17.075,16.375,21.9,1.79,1.25,NA,NA,0.54,NA,NA,0.004132063
3/30/2023 17:00,178.8,17.52,16.48,17.685,17.2,16.42,21.9,1.93,1.27,NA,NA,0.66,NA,NA,0.003062954
3/30/2023 18:00,20.0155,17.515,16.56,17.69,17.275,16.475,21.9,2.23,1.3,NA,NA,0.93,NA,NA,0.00201641
3/30/2023 19:00,0.0755,17.455,16.625,17.635,17.3,16.525,21.9,1.78,1.24,NA,NA,0.54,NA,NA,NA
3/30/2023 20:00,0.0725,17.42,16.67,17.595,17.29,16.57,21.9,1.83,1.3,NA,NA,0.53,NA,NA,NA
3/30/2023 21:00,0.0675,17.41,16.71,17.58,17.295,16.61,21.9,1.91,1.41,NA,NA,0.5,NA,NA,0.000352716
3/30/2023 22:00,0.0705,17.435,16.745,17.59,17.305,16.65,21.9,1.84,1.31,NA,NA,0.53,NA,NA,0.000991511
3/30/2023 23:00,0.076,17.475,16.775,17.635,17.33,16.68,21.9,1.96,1.26,NA,NA,0.7,NA,NA,0.000410571
3/31/2023,0.076,17.55,16.8,17.7,17.37,16.705,21.9,1.86,1.25,NA,NA,0.61,NA,NA,NA
3/31/2023 1:00,0.077,17.62,16.83,17.775,17.425,16.735,21.85,1.82,1.3,NA,NA,0.52,NA,NA,NA
3/31/2023 2:00,0.0695,17.685,16.865,17.83,17.475,16.76,21.8,1.86,1.31,NA,NA,0.55,NA,NA,NA
3/31/2023 3:00,0.077,17.715,16.9,17.865,17.52,16.79,21.8,1.78,1.36,NA,NA,0.42,NA,NA,NA
3/31/2023 4:00,0.0695,17.725,16.94,17.875,17.545,16.82,21.75,1.74,1.39,NA,NA,0.35,NA,NA,NA
3/31/2023 5:00,0.123,17.7,16.97,17.85,17.56,16.845,21.7,1.82,1.36,NA,NA,0.46,NA,NA,NA
3/31/2023 6:00,20.225,17.665,16.995,17.815,17.555,16.875,21.7,1.88,1.32,NA,NA,0.56,NA,NA,NA
3/31/2023 7:00,169.85,17.7,17.015,17.845,17.555,16.895,21.7,1.9,1.38,NA,NA,0.52,NA,NA,NA
3/31/2023 8:00,349.35,17.915,17.035,18.045,17.63,16.915,21.7,2.05,1.33,NA,NA,0.72,NA,NA,0.002544892
3/31/2023 9:00,648.75,18.175,17.07,18.295,17.765,16.94,21.7,1.89,1.34,NA,NA,0.55,NA,NA,0.005179277
3/31/2023 10:00,1157,18.82,17.125,18.825,17.995,16.97,21.65,1.87,1.33,NA,NA,0.54,NA,NA,0.011524494
3/31/2023 11:00,1092.5,19.435,17.215,19.37,18.365,17.005,21.55,2.07,1.33,NA,NA,0.74,NA,NA,0.009110741
3/31/2023 12:00,1184.5,19.615,17.355,19.62,18.65,17.06,21.5,1.95,1.43,NA,NA,0.52,NA,NA,0.007771602
3/31/2023 13:00,993.5,19.765,17.495,19.815,18.865,17.13,21.5,2.03,1.42,NA,NA,0.61,NA,NA,0.00819621
3/31/2023 14:00,705,19.875,17.62,19.97,19.04,17.215,21.4,2.13,NA,NA,NA,NA,NA,NA,0.007014229
3/31/2023 15:00,688.6,19.925,17.745,20.04,19.175,17.3,21.4,2.15,NA,NA,NA,NA,NA,NA,0.004819219
3/31/2023 16:00,173.4,19.895,17.855,20.03,19.255,17.39,21.4,2.33,NA,NA,NA,NA,NA,NA,0.004610882
3/31/2023 17:00,37.415,19.735,17.945,19.89,19.26,17.48,21.35,2.31,NA,NA,NA,NA,NA,NA,0.001707303
3/31/2023 18:00,15.875,19.505,18.015,19.69,19.2,17.555,21.6,2.27,NA,NA,NA,NA,NA,NA,0.001015394
3/31/2023 19:00,0.074,19.21,18.05,19.41,19.08,17.625,21.5,2.93,NA,NA,NA,NA,NA,NA,NA
3/31/2023 20:00,0.074,18.95,18.06,19.15,18.92,17.67,21.5,2.73,NA,NA,NA,NA,NA,NA,NA
3/31/2023 21:00,0.069,18.73,18.045,18.92,18.765,17.705,21.45,2.65,NA,NA,NA,NA,NA,NA,NA
3/31/2023 22:00,0.0695,18.525,18.01,18.715,18.615,17.725,21.4,2.3,NA,NA,NA,NA,NA,NA,NA
3/31/2023 23:00,0.0735,18.33,17.97,18.525,18.475,17.73,21.5,2.86057,NA,NA,NA,NA,NA,NA,NA
4/1/2023,0.052,18.14,17.925,18.33,18.335,17.725,21.5,2.34,1.47,NA,NA,0.87,NA,NA,0.000313344
4/1/2023 1:00,0.062,17.95,17.875,18.14,18.185,17.715,21.5,2.08392,1.51,NA,NA,0.57392,NA,NA,0.002594971
4/1/2023 2:00,0.0695,17.75,17.815,17.94,18.04,17.695,21.5,2.06,1.51,NA,NA,0.55,NA,NA,0.032137353
4/1/2023 3:00,0.061,17.535,17.745,17.73,17.89,17.67,21.5,1.84,1.48,NA,NA,0.36,NA,NA,0.015743014
4/1/2023 4:00,0.059,17.29,17.68,17.49,17.715,17.64,21.5,1.85,1.34,NA,NA,0.51,NA,NA,0.015256381
4/1/2023 5:00,0.2135,17.07,17.6,17.275,17.545,17.6,21.5,1.81526,1.32,NA,NA,0.49526,NA,NA,0.023785947
4/1/2023 6:00,49.575,16.855,17.51,17.06,17.375,17.56,21.5,1.7,1.4,NA,NA,0.3,NA,NA,0.016358092
4/1/2023 7:00,399.75,16.72,17.43,16.93,17.22,17.51,21.5,1.65,1.27,NA,NA,0.38,NA,NA,0.008485524
4/1/2023 8:00,796.05,16.875,17.34,17.065,17.165,17.455,21.5,1.69,1.31,NA,NA,0.38,NA,NA,0.012375636
4/1/2023 9:00,1119.5,17.21,17.28,17.305,17.235,17.405,21.4,1.61,1.14,NA,NA,0.47,NA,NA,0.020431523
4/1/2023 10:00,1513,17.875,17.25,17.73,17.375,17.36,21.35,2.2,1.26,NA,NA,0.94,NA,NA,0.008518816
4/1/2023 11:00,1688.5,18.225,17.27,18.105,17.635,17.325,21.3,1.91,1.25,NA,NA,0.66,NA,NA,0.008203585
4/1/2023 12:00,1699.5,18.26,17.335,18.19,17.78,17.32,21.3,2,1.27,NA,NA,0.73,NA,NA,0.007109284
4/1/2023 13:00,1702.5,18.49,17.395,18.455,17.94,17.325,21.2,1.88,1.27,NA,NA,0.61,NA,NA,0.00667901
4/1/2023 14:00,1393,18.64,17.465,18.655,18.12,17.345,21.2,1.89,1.43,NA,NA,0.46,NA,NA,0.005356306
4/1/2023 15:00,798.8,18.665,17.53,18.705,18.235,17.38,21.1,1.87,1.41,NA,NA,0.46,NA,NA,0.004271582
4/1/2023 16:00,478.45,18.655,17.595,18.725,18.3,17.42,21.1,2.32,1.87,NA,NA,0.45,NA,NA,0.003114226
4/1/2023 17:00,278.45,18.59,17.65,18.69,18.335,17.46,21.1,2.28,NA,NA,NA,NA,NA,NA,0.001879635
4/1/2023 18:00,37.976,18.39,17.685,18.525,18.3,17.5,21.1,2.44,NA,NA,NA,NA,NA,NA,0.000521841
4/1/2023 19:00,0.057,18.12,17.7,18.275,18.195,17.535,21.1,2.49,NA,NA,NA,NA,NA,NA,0.000583575
4/1/2023 20:00,0.0555,17.825,17.69,18,18.045,17.555,21.1,3.2,NA,NA,NA,NA,NA,NA,0.000334066
4/1/2023 21:00,0.061,17.54,17.66,17.725,17.865,17.57,21.1,2,NA,NA,NA,NA,NA,NA,0.000145416
4/1/2023 22:00,0.0595,17.3,17.605,17.49,17.685,17.56,21.1,1.95,1.31,NA,NA,0.64,NA,NA,0.000194075
4/1/2023 23:00,0.066,17.125,17.535,17.32,17.535,17.545,21.1,1.82198,1.24,NA,NA,0.58198,NA,NA,0.000727886
4/2/2023,0.0615,16.96,17.47,17.15,17.395,17.515,21.15,1.83,1.19,NA,NA,0.64,NA,NA,0.000203329
4/2/2023 1:00,0.0655,16.81,17.4,16.99,17.26,17.48,21.1,1.79,1.23,NA,NA,0.56,NA,NA,0.001431194
4/2/2023 2:00,0.0645,16.65,17.32,16.83,17.125,17.44,21.1,1.7,1.15,NA,NA,0.55,NA,NA,0.000683014
4/2/2023 3:00,0.0625,16.52,17.25,16.7,17.005,17.4,21.1,1.67,1.14,NA,NA,0.53,NA,NA,0.000791332
4/2/2023 4:00,0.0755,16.39,17.185,16.565,16.89,17.35,21.1,1.65,1.12,NA,NA,0.53,NA,NA,0.000729104
4/2/2023 5:00,0.152,16.265,17.11,16.44,16.775,17.305,21.1,1.71,1.14,NA,NA,0.57,NA,NA,0.00031839
4/2/2023 6:00,47.08,16.145,17.04,16.31,16.665,17.255,21.1,1.72,1.11,NA,NA,0.61,NA,NA,0.000582277
4/2/2023 7:00,264.65,16.115,16.965,16.275,16.575,17.21,21.1,1.64,1.14,NA,NA,0.5,NA,NA,0.002503841
4/2/2023 8:00,639.35,16.325,16.905,16.46,16.575,17.16,21.1,1.57,1.09,NA,NA,0.48,NA,NA,0.004770365
4/2/2023 9:00,821.25,16.79,16.865,16.855,16.72,17.11,21.1,1.85,1.09,NA,NA,0.76,NA,NA,0.005151666
4/2/2023 10:00,1096,17.36,16.865,17.335,16.96,17.075,21,1.88,1.16,NA,NA,0.72,NA,NA,0.004704062
4/2/2023 11:00,1473,17.88,16.91,17.86,17.275,17.06,20.95,1.89,1.19,NA,NA,0.7,NA,NA,0.001508872
4/2/2023 12:00,1085,18.32,17.01,18.33,17.61,17.065,20.9,1.87,1.28,NA,NA,0.59,NA,NA,0.004277975
4/2/2023 13:00,679.8,18.625,17.13,18.68,17.92,17.1,20.8,2,1.27,NA,NA,0.73,NA,NA,0.006381345
4/2/2023 14:00,826.5,18.82,17.255,18.915,18.165,17.145,20.8,2.14,1.38,NA,NA,0.76,NA,NA,0.004931687
4/2/2023 15:00,495.4,19.02,17.38,19.145,18.38,17.21,20.8,2.56,1.37,NA,NA,1.19,NA,NA,0.004588659
4/2/2023 16:00,242.95,19.105,17.495,19.25,18.545,17.28,20.8,2.3,1.38,NA,NA,0.92,NA,NA,0.003188789
4/2/2023 17:00,83.275,19.06,17.6,19.22,18.635,17.355,20.8,2.39,1.48,NA,NA,0.91,NA,NA,0.00187074
4/2/2023 18:00,15.554,18.98,17.69,19.145,18.65,17.425,20.8,2.41,1.47,NA,NA,0.94,NA,NA,0.000344521
4/2/2023 19:00,0.0575,18.9,17.75,19.06,18.645,17.495,20.8,2.5,1.41,NA,NA,1.09,NA,NA,0.000613841
4/2/2023 20:00,0.066,18.81,17.8,18.97,18.61,17.545,20.8,2.54,1.48,NA,NA,1.06,NA,NA,0.000214334
4/2/2023 21:00,0.0595,18.685,17.83,18.845,18.565,17.59,20.8,3.5594,1.6,NA,NA,1.9594,NA,NA,0.000798998
4/2/2023 22:00,0.061,18.575,17.85,18.73,18.495,17.63,20.8,3.16,1.67,NA,NA,1.49,NA,NA,0.001042277
4/2/2023 23:00,0.0655,18.46,17.85,18.615,18.43,17.655,20.8,2.6,1.49,NA,NA,1.11,NA,NA,0.000630805
4/3/2023,0.0715,18.34,17.85,18.495,18.35,17.675,20.8,2.74,1.52,NA,NA,1.22,NA,NA,0.000447835
4/3/2023 1:00,0.073,18.23,17.835,18.38,18.28,17.685,20.8,2.56,1.59,NA,NA,0.97,NA,NA,NA
4/3/2023 2:00,0.0675,18.13,17.815,18.285,18.2,17.69,20.8,2.39,1.41,NA,NA,0.98,NA,NA,NA
4/3/2023 3:00,0.0755,18.14,17.795,18.28,18.155,17.69,20.8,2.54,1.61,NA,NA,0.93,NA,NA,0.001163137
4/3/2023 4:00,0.0745,18.18,17.775,18.315,18.15,17.69,20.8,2.68,1.42,NA,NA,1.26,NA,NA,NA
4/3/2023 5:00,0.1665,18.21,17.765,18.345,18.155,17.68,20.8,2.74,1.49,NA,NA,1.25,NA,NA,0.000868927
4/3/2023 6:00,26.635,18.255,17.765,18.39,18.175,17.68,20.8,3.18,1.51,NA,NA,1.67,NA,NA,NA
4/3/2023 7:00,148.8,18.34,17.765,18.47,18.21,17.68,20.8,3.04,1.51,NA,NA,1.53,NA,NA,0.000965542
4/3/2023 8:00,349.9,18.52,17.775,18.645,18.285,17.68,20.8,3.04,1.54,NA,NA,1.5,NA,NA,0.001648134
4/3/2023 9:00,593.25,18.79,17.8,18.915,18.42,17.69,20.75,2.44,1.53,NA,NA,0.91,NA,NA,0.007308889
4/3/2023 10:00,836.6,19.16,17.845,19.265,18.62,17.705,20.7,2.53,1.48,NA,NA,1.05,NA,NA,0.008643831
4/3/2023 11:00,1211.5,19.555,17.92,19.665,18.87,17.73,20.65,2.65,1.46,NA,NA,1.19,NA,NA,0.009975855
4/3/2023 12:00,1635.5,19.9,18.015,20.01,19.13,17.77,20.6,2.61,1.5,NA,NA,1.11,NA,NA,0.009379312
4/3/2023 13:00,1673,20.3,18.13,20.41,19.405,17.825,20.55,2.48,1.57,NA,NA,0.91,NA,NA,0.013769709
4/3/2023 14:00,1404.5,20.53,18.255,20.665,19.675,17.895,20.5,2.72,1.61,NA,NA,1.11,NA,NA,0.007747981
4/3/2023 15:00,1114.5,20.68,18.385,20.82,19.865,17.975,20.5,2.77,NA,NA,NA,NA,NA,NA,0.00394357
4/3/2023 16:00,656.05,20.72,18.51,20.87,20,18.06,20.4,3.08,NA,NA,NA,NA,NA,NA,0.00569612
4/3/2023 17:00,164.5,20.66,18.62,20.815,20.06,18.15,20.4,2.99,NA,NA,NA,NA,NA,NA,0.003198064
4/3/2023 18:00,21.87,20.525,18.71,20.685,20.06,18.23,20.4,2.89,NA,NA,NA,NA,NA,NA,0.001264277
4/3/2023 19:00,0.0555,20.345,18.775,20.51,20,18.305,20.4,4.35,NA,NA,NA,NA,NA,NA,0.000275722
4/3/2023 20:00,0.0575,20.19,18.81,20.355,19.92,18.365,20.4,4.1,NA,NA,NA,NA,NA,NA,0.001214993
4/3/2023 21:00,0.059,20.01,18.835,20.175,19.825,18.415,20.4,3.62,NA,NA,NA,NA,NA,NA,NA
4/3/2023 22:00,0.0545,19.825,18.835,19.995,19.71,18.45,20.4,3.96,NA,NA,NA,NA,NA,NA,0.000117344
4/3/2023 23:00,0.067,19.68,18.82,19.845,19.605,18.475,20.4,3.07,NA,NA,NA,NA,NA,NA,NA
4/4/2023,0.066,19.575,18.8,19.73,19.51,18.49,20.4,2.66,NA,NA,NA,NA,NA,NA,NA
4/4/2023 1:00,0.0585,19.48,18.775,19.645,19.43,18.49,20.4,3.38,NA,NA,NA,NA,NA,NA,NA
4/4/2023 2:00,0.0775,19.415,18.75,19.58,19.365,18.49,20.4,3.2,NA,NA,NA,NA,NA,NA,NA
4/4/2023 3:00,0.068,19.4,18.725,19.55,19.32,18.49,20.4,4.15,1.67,NA,NA,2.48,NA,NA,NA
4/4/2023 4:00,0.0705,19.38,18.705,19.525,19.29,18.485,20.4,2.7,1.71,NA,NA,0.99,NA,NA,NA
4/4/2023 5:00,0.232,19.365,18.695,19.515,19.27,18.48,20.4,3.64,1.66,NA,NA,1.98,NA,NA,NA
4/4/2023 6:00,41.995,19.36,18.68,19.5,19.255,18.475,20.4,3.35,1.61,NA,NA,1.74,NA,NA,0.000225989
4/4/2023 7:00,227.4,19.39,18.67,19.535,19.25,18.47,20.4,2.96,1.65,NA,NA,1.31,NA,NA,NA
4/4/2023 8:00,474.3,19.535,18.665,19.68,19.295,18.47,20.4,3.7,1.92,NA,NA,1.78,NA,NA,0.004965474
4/4/2023 9:00,586.75,19.735,18.67,19.865,19.395,18.47,20.4,3.34,1.74,NA,NA,1.6,NA,NA,0.007411587
4/4/2023 10:00,887.5,20.02,18.705,20.125,19.525,18.475,20.4,3.04,1.64,NA,NA,1.4,NA,NA,0.008456706
4/4/2023 11:00,954,20.32,18.745,20.435,19.715,18.495,20.3,2.87,1.63,NA,NA,1.24,NA,NA,0.008877161
4/4/2023 12:00,939.55,20.57,18.82,20.69,19.915,18.52,20.3,2.84,1.68,NA,NA,1.16,NA,NA,0.007486291
4/4/2023 13:00,314.05,20.65,18.895,20.785,20.07,18.555,20.25,2.78,1.72,NA,NA,1.06,NA,NA,0.003083289
4/4/2023 14:00,1148.5,20.71,18.98,20.85,20.145,18.605,20.2,2.73,1.73,NA,NA,1,NA,NA,0.003938422
4/4/2023 15:00,416.9,20.865,19.045,21.015,20.27,18.655,20.2,3.31,1.76,NA,NA,1.55,NA,NA,0.006142119
4/4/2023 16:00,283.35,20.835,19.11,21,20.34,18.705,20.2,3.03,1.77,NA,NA,1.26,NA,NA,0.003015384
4/4/2023 17:00,80.08,20.77,19.18,20.945,20.36,18.755,20.1,3.33,NA,NA,NA,NA,NA,NA,0.002363714
4/4/2023 18:00,10.2985,20.66,19.22,20.83,20.335,18.805,20.1,3.61,NA,NA,NA,NA,NA,NA,0.001105769
4/4/2023 19:00,0.063,20.555,19.255,20.715,20.285,18.85,20.1,3.16,NA,NA,NA,NA,NA,NA,0.000635784
4/4/2023 20:00,0.0675,20.455,19.27,20.625,20.225,18.88,20.1,2.92,NA,NA,NA,NA,NA,NA,0.000463793
4/4/2023 21:00,0.069,20.37,19.275,20.535,20.175,18.905,20.1,3.24,NA,NA,NA,NA,NA,NA,0.00084501
4/4/2023 22:00,0.08,20.315,19.28,20.47,20.125,18.925,20.1,3.51,NA,NA,NA,NA,NA,NA,0.000275079
4/4/2023 23:00,0.064,20.275,19.27,20.425,20.085,18.94,20.1,3.01,NA,NA,NA,NA,NA,NA,0.00029811
4/5/2023,0.0685,20.205,19.265,20.365,20.045,18.95,20.1,3.06,NA,NA,NA,NA,NA,NA,NA
4/5/2023 1:00,0.0655,20.155,19.26,20.305,20,18.955,20.1,3.19,1.75,NA,NA,1.44,NA,NA,NA
4/5/2023 2:00,0.0625,20.115,19.245,20.26,19.965,18.96,20.1,3.16,1.75,NA,NA,1.41,NA,NA,0.000498193
4/5/2023 3:00,0.0735,20.08,19.24,20.23,19.935,18.96,20.1,3.06,1.73,NA,NA,1.33,NA,NA,0.00096188
4/5/2023 4:00,0.0685,20.04,19.23,20.18,19.905,18.96,20.1,3.18,1.78,NA,NA,1.4,NA,NA,0.000702671
4/5/2023 5:00,0.3145,19.99,19.22,20.135,19.87,18.96,20.1,3.05,1.84,NA,NA,1.21,NA,NA,0.000467254
4/5/2023 6:00,31.98,19.905,19.205,20.055,19.825,18.96,20.1,3.13,1.86,NA,NA,1.27,NA,NA,NA
4/5/2023 7:00,225.65,19.875,19.19,20.02,19.78,18.96,20.1,3.54,1.83,NA,NA,1.71,NA,NA,0.000477786
4/5/2023 8:00,53.17,19.93,19.17,20.07,19.785,18.95,20.2,3.27,1.81,NA,NA,1.46,NA,NA,0.002558459
4/5/2023 9:00,57.455,19.735,19.17,19.9,19.755,18.95,21.5,3.2,1.76,NA,NA,1.44,NA,NA,0.000410053
4/5/2023 10:00,554.345,NA,NA,NA,NA,NA,NA,5.47335,1.69,NA,NA,3.78335,NA,NA,0.009157712
4/5/2023 11:00,1256,NA,NA,NA,NA,NA,NA,2.92,1.96,NA,NA,0.96,NA,NA,0.022912717
4/5/2023 12:00,867.65,NA,NA,NA,NA,NA,NA,2.88,2.08,NA,NA,0.8,NA,NA,0.02588353
4/5/2023 13:00,493.7,NA,NA,NA,NA,NA,NA,3.17,2.29,NA,NA,0.88,NA,NA,0.01780385
4/5/2023 14:00,222.55,NA,NA,NA,NA,NA,NA,2.79,2.18,NA,NA,0.61,NA,NA,0.007351869
4/5/2023 15:00,270.75,NA,NA,NA,NA,NA,NA,2.66,1.93,NA,NA,0.73,NA,NA,0.009667735
4/5/2023 16:00,270.05,NA,NA,NA,NA,NA,NA,2.55,1.84,NA,NA,0.71,NA,NA,0.007871713
4/5/2023 17:00,32.065,NA,NA,NA,NA,NA,NA,2.76,1.75,NA,NA,1.01,NA,NA,0.003895722
4/5/2023 18:00,17.3705,NA,NA,NA,NA,NA,NA,2.29,1.69,NA,NA,0.6,NA,NA,NA
4/5/2023 19:00,0.0605,NA,NA,NA,NA,NA,NA,2.31,1.7,NA,NA,0.61,NA,NA,0.001987783
