Datetime_hr_CST,PPFD_IN_1_1_1,TS_1_1_1,TS_1_2_1,SWC_1_1_1,SWC_1_2_1,Year,DoY,Hour,DoY_hr,SR1,SR2,SR3,Rh,Ra1,Ra2,Ra3,GPP,SR,Ra
2024/3/3 15:00,901.5,16.885,15.03,41.45,34.3,2024,63,15,63.625,2.08911,2.21315,NA,1.74474,0.34437,0.46841,NA,11.442,2.15113,0.40639
2024/3/3 16:00,553.9,17.22,15.235,41.4,34.3,2024,63,16,63.66666667,2.29078,2.53402,NA,1.68127,0.60951,0.85275,NA,9.08235,2.4124,0.73113
2024/3/3 17:00,197.5,17.445,15.45,41.4,34.25,2024,63,17,63.70833333,2.12273,2.55834,NA,1.56794,0.55479,0.9904,NA,5.41475,2.340535,0.772595
2024/3/3 18:00,1.1245,17.515,15.645,41.4,34.2,2024,63,18,63.75,2.23476,2.46165,NA,1.47121,0.76355,0.99044,NA,2.7958,2.348205,0.876995
2024/3/3 19:00,0,17.44,15.805,41.4,34.2,2024,63,19,63.79166667,2.3458,2.10642,NA,1.41723,0.92857,0.68919,NA,1.70835,2.22611,0.80888
2024/3/3 20:00,0,17.28,15.92,41.4,34.15,2024,63,20,63.83333333,2.33697,2.40077,NA,1.47366,0.86331,0.92711,NA,2.1111,2.36887,0.89521
2024/3/3 21:00,0,17.09,15.985,41.5,34.1,2024,63,21,63.875,2.30904,2.61688,NA,1.36549,0.94355,1.25139,NA,1.545195,2.46296,1.09747
2024/3/3 22:00,0,16.9,16.02,41.5,34.1,2024,63,22,63.91666667,1.70628,2.37872,NA,1.401,0.30528,0.97772,NA,0.0999,2.0425,0.6415
2024/3/3 23:00,0,16.765,16.025,41.5,34.1,2024,63,23,63.95833333,2.14067,2.31742,NA,1.4139,0.72677,0.90352,NA,-0.644935,2.229045,0.815145
2024/3/4 0:00,0,16.71,16.015,41.5,34.1,2024,64,0,64,2.09888,2.35518,NA,1.35873,0.74015,0.99645,NA,-0.4449,2.22703,0.8683
2024/3/4 1:00,0,16.715,16.015,41.5,34.1,2024,64,1,64.04166667,2.11175,2.34074,NA,1.45273,0.65902,0.88801,NA,0.34379,2.226245,0.773515
2024/3/4 2:00,0,16.705,16.015,41.5,34.1,2024,64,2,64.08333333,2.30273,2.38296,NA,1.24457,1.05816,1.13839,NA,1.9218,2.342845,1.098275
2024/3/4 3:00,0,16.66,16.02,41.5,34.1,2024,64,3,64.125,2.43437,2.52291,NA,1.47037,0.964,1.05254,NA,0.661845,2.47864,1.00827
2024/3/4 4:00,0,16.62,16.02,41.5,34.1,2024,64,4,64.16666667,2.40153,2.62191,NA,1.44863,0.9529,1.17328,NA,1.32685,2.51172,1.06309
2024/3/4 5:00,0,16.61,16.02,41.5,34.1,2024,64,5,64.20833333,2.33656,2.79768,NA,1.48214,0.85442,1.31554,NA,2.07125,2.56712,1.08498
2024/3/4 6:00,0,16.62,16.015,41.5,34.1,2024,64,6,64.25,2.38403,2.80829,NA,1.46739,0.91664,1.3409,NA,0.95339,2.59616,1.12877
2024/3/4 7:00,27.76,16.64,16.025,41.5,34.1,2024,64,7,64.29166667,2.56409,2.82992,NA,1.41211,1.15198,1.41781,NA,1.20135,2.697005,1.284895
2024/3/4 8:00,149.65,16.67,16.03,41.5,34.1,2024,64,8,64.33333333,2.27798,2.61721,NA,1.50243,0.77555,1.11478,NA,1.63665,2.447595,0.945165
2024/3/4 9:00,304.85,16.745,16.05,41.5,34.1,2024,64,9,64.375,2.26997,2.50346,NA,1.49485,0.77512,1.00861,NA,7.10615,2.386715,0.891865
2024/3/4 10:00,501.35,16.92,16.07,41.45,34.1,2024,64,10,64.41666667,2.41409,2.56048,NA,1.53951,0.87458,1.02097,NA,9.6779,2.487285,0.947775
2024/3/4 11:00,765.65,17.22,16.115,41.4,34.1,2024,64,11,64.45833333,2.26479,2.71593,NA,1.67929,0.5855,1.03664,NA,11.8552,2.49036,0.81107
2024/3/4 12:00,942.5,17.61,16.195,41.35,34.1,2024,64,12,64.5,2.40622,2.64146,NA,1.745,0.66122,0.89646,NA,14.84,2.52384,0.77884
2024/3/4 13:00,1181,18.035,16.32,41.3,34,2024,64,13,64.54166667,2.48829,2.6746,NA,1.98816,0.50013,0.68644,NA,14.7935,2.581445,0.593285
2024/3/4 14:00,1275.5,18.51,16.47,41.25,34,2024,64,14,64.58333333,2.59831,2.75963,NA,2.1014,0.49691,0.65823,NA,13.9845,2.67897,0.57757
2024/3/4 15:00,847.3,18.925,16.655,41.2,33.95,2024,64,15,64.625,2.83517,2.7561,NA,2.11313,0.72204,0.64297,NA,8.9752,2.795635,0.682505
2024/3/4 16:00,356.65,19.205,16.875,41.2,33.9,2024,64,16,64.66666667,2.86223,3.18468,NA,2.00544,0.85679,1.17924,NA,7.199,3.023455,1.018015
2024/3/4 17:00,177.25,19.37,17.075,41.15,33.85,2024,64,17,64.70833333,3.11137,3.21038,NA,1.98906,1.12231,1.22132,NA,5.04705,3.160875,1.171815
2024/3/4 18:00,0.3745,19.425,17.255,41.2,33.8,2024,64,18,64.75,2.95806,3.38011,NA,1.95663,1.00143,1.42348,NA,0.486165,3.169085,1.212455
2024/3/4 19:00,0,19.35,17.4,41.2,33.8,2024,64,19,64.79166667,3.08063,3.08252,NA,1.76595,1.31468,1.31657,NA,0.39159,3.081575,1.315625
2024/3/4 20:00,0,19.185,17.505,41.2,33.8,2024,64,20,64.83333333,3.30295,2.95022,NA,1.72935,1.5736,1.22087,NA,0.002695,3.126585,1.397235
2024/3/4 21:00,0,19.005,17.57,41.2,33.8,2024,64,21,64.875,2.97689,3.01748,NA,1.7239,1.25299,1.29358,NA,-0.290435,2.997185,1.273285
2024/3/4 22:00,0,18.83,17.595,41.2,33.8,2024,64,22,64.91666667,2.88136,3.08028,NA,1.72593,1.15543,1.35435,NA,1.70714,2.98082,1.25489
2024/3/4 23:00,0,18.675,17.59,41.3,33.8,2024,64,23,64.95833333,2.77631,2.97152,NA,1.67887,1.09744,1.29265,NA,0.529245,2.873915,1.195045
2024/3/5 0:00,0,18.55,17.58,41.3,33.8,2024,65,0,65,2.96456,2.98045,NA,1.65691,1.30765,1.32354,NA,0.56523,2.972505,1.315595
2024/3/5 1:00,0,18.435,17.555,41.3,33.8,2024,65,1,65.04166667,3.03727,3.45036,NA,1.62343,1.41384,1.82693,NA,-0.097864,3.243815,1.620385
2024/3/5 2:00,0,18.34,17.535,41.3,33.8,2024,65,2,65.08333333,2.20911,2.61153,NA,1.73002,0.47909,0.88151,NA,-5.0151,2.41032,0.6803
2024/3/5 3:00,0,18.275,17.515,41.4,34.1,2024,65,3,65.125,2.18085,2.45438,NA,0.851294,1.329556,1.603086,NA,0.0362885,2.317615,1.466321
2024/3/5 4:00,0,18.25,17.5,41.4,34.2,2024,65,4,65.16666667,3.96651,3.53541,NA,1.67049,2.29602,1.86492,NA,-1.16446,3.75096,2.08047
2024/3/5 5:00,0,18.22,17.475,41.45,34.2,2024,65,5,65.20833333,3.09071,3.28782,NA,1.84342,1.24729,1.4444,NA,1.354995,3.189265,1.345845
2024/3/5 6:00,0,18.21,17.475,41.6,34.4,2024,65,6,65.25,NA,2.81494,NA,1.70334,NA,1.1116,NA,-11.0105,2.81494,1.1116
2024/3/5 7:00,0,18.18,17.47,42.05,34.75,2024,65,7,65.29166667,2.71556,3.04765,NA,1.71268,1.00288,1.33497,NA,0.23132,2.881605,1.168925
2024/3/5 8:00,100.57,18.07,17.495,42.4,35.15,2024,65,8,65.33333333,1.85408,1.43484,NA,NA,NA,NA,NA,1.06569,1.64446,NA
2024/3/5 9:00,263,17.92,17.48,42.2,35,2024,65,9,65.375,2.00942,1.81186,NA,0.936319,1.073101,0.875541,NA,-0.15645,1.91064,0.974321
2024/3/5 10:00,1067,17.83,17.44,42.1,34.95,2024,65,10,65.41666667,1.98509,2.02438,NA,1.39467,0.59042,0.62971,NA,7.85055,2.004735,0.610065
2024/3/5 11:00,1074,17.97,17.39,42.05,34.9,2024,65,11,65.45833333,2.75685,2.25896,NA,1.85797,0.89888,0.40099,NA,12.9445,2.507905,0.649935
2024/3/5 12:00,1273.5,18.41,17.38,42,34.9,2024,65,12,65.5,2.37755,2.25329,NA,1.89227,0.48528,0.36102,NA,8.9636,2.31542,0.42315
2024/3/5 13:00,1217.5,18.83,17.445,41.9,34.9,2024,65,13,65.54166667,2.81977,2.64165,NA,2.34133,0.47844,0.30032,NA,15.944,2.73071,0.38938
2024/3/5 14:00,1210,19.285,17.565,41.85,34.8,2024,65,14,65.58333333,2.72211,2.41022,NA,2.24565,0.47646,0.16457,NA,17.955,2.566165,0.320515
2024/3/5 15:00,983.5,19.61,17.715,41.8,34.75,2024,65,15,65.625,2.73281,2.44995,NA,2.16789,0.56492,0.28206,NA,10.0901,2.59138,0.42349
2024/3/5 16:00,604.4,19.84,17.88,41.8,34.7,2024,65,16,65.66666667,2.48455,2.53959,NA,2.12803,0.35652,0.41156,NA,10.01495,2.51207,0.38404
2024/3/5 17:00,237.05,19.965,18.03,41.8,34.7,2024,65,17,65.70833333,3.41578,3.00952,NA,2.20176,1.21402,0.80776,NA,7.3014,3.21265,1.01089
2024/3/5 18:00,10.11,19.96,18.17,41.8,34.7,2024,65,18,65.75,3.1707,2.9347,NA,2.07093,1.09977,0.86377,NA,0.930415,3.0527,0.98177
2024/3/5 19:00,0,19.805,18.275,41.8,34.7,2024,65,19,65.79166667,3.01713,2.79977,NA,1.9217,1.09543,0.87807,NA,0.52342,2.90845,0.98675
2024/3/5 20:00,0,19.555,18.335,41.8,34.7,2024,65,20,65.83333333,2.85152,2.45474,NA,1.8725,0.97902,0.58224,NA,0.36134,2.65313,0.78063
2024/3/5 21:00,0,19.29,18.345,41.8,34.7,2024,65,21,65.875,2.9165,2.38154,NA,1.6341,1.2824,0.74744,NA,0.368145,2.64902,1.01492
2024/3/5 22:00,0,19.01,18.32,41.8,34.7,2024,65,22,65.91666667,2.494365,2.53024,NA,1.5331,0.961265,0.99714,NA,0.18849,2.5123025,0.9792025
2024/3/5 23:00,0,18.76,18.265,41.9,34.7,2024,65,23,65.95833333,2.47522,2.28101,NA,1.60647,0.86875,0.67454,NA,0.77892,2.378115,0.771645
2024/3/6 0:00,0,18.525,18.195,41.9,34.7,2024,66,0,66,2.64349,2.488105,NA,NA,NA,NA,NA,0.8964615,2.5657975,NA
2024/3/6 1:00,0,18.3,18.105,41.9,34.75,2024,66,1,66.04166667,2.49208,2.19818,NA,1.46777,1.02431,0.73041,NA,0.6562835,2.34513,0.87736
2024/3/6 2:00,0,18.075,18.015,41.9,34.8,2024,66,2,66.08333333,2.63189,2.33857,NA,1.36776,1.26413,0.97081,NA,-0.42647,2.48523,1.11747
2024/3/6 3:00,0,17.855,17.925,41.9,34.8,2024,66,3,66.125,2.29933,2.00651,NA,1.37434,0.92499,0.63217,NA,-0.805225,2.15292,0.77858
2024/3/6 4:00,0,17.62,17.815,41.9,34.8,2024,66,4,66.16666667,2.0483,2.09796,NA,1.2922,0.7561,0.80576,NA,-0.804555,2.07313,0.78093
2024/3/6 5:00,0,17.38,17.7,42,34.85,2024,66,5,66.20833333,2.05062,2.16105,NA,1.27336,0.77726,0.88769,NA,-1.01615,2.105835,0.832475
2024/3/6 6:00,0,17.155,17.59,42,34.9,2024,66,6,66.25,1.96317,2.11099,NA,1.27886,0.68431,0.83213,NA,-0.958735,2.03708,0.75822
2024/3/6 7:00,197.35,16.945,17.465,42,34.9,2024,66,7,66.29166667,1.9752,2.1191,NA,1.28223,0.69297,0.83687,NA,0.2551305,2.04715,0.76492
2024/3/6 8:00,569.8,16.79,17.345,42,34.9,2024,66,8,66.33333333,1.99582,2.23682,NA,1.37169,0.62413,0.86513,NA,3.01825,2.11632,0.74463
2024/3/6 9:00,955.5,16.76,17.225,42,34.9,2024,66,9,66.375,2.15297,2.18013,NA,1.28572,0.86725,0.89441,NA,12.494,2.16655,0.88083
2024/3/6 10:00,1174.5,16.945,17.135,41.95,34.9,2024,66,10,66.41666667,2.107,2.32405,NA,1.58427,0.52273,0.73978,NA,12.4115,2.215525,0.631255
2024/3/6 11:00,1468,17.31,17.09,41.9,34.9,2024,66,11,66.45833333,2.44714,2.55049,NA,2.08072,0.36642,0.46977,NA,11.772,2.498815,0.418095
2024/3/6 12:00,1484,17.875,17.115,41.8,34.9,2024,66,12,66.5,2.49684,2.79788,NA,2.26131,0.23553,0.53657,NA,15.449,2.64736,0.38605
2024/3/6 13:00,1349,18.425,17.21,41.75,34.9,2024,66,13,66.54166667,2.71493,2.69948,NA,2.32556,0.38937,0.37392,NA,12.4676,2.707205,0.381645
2024/3/6 14:00,1289.5,18.985,17.365,41.7,34.9,2024,66,14,66.58333333,2.86639,2.73265,NA,2.40263,0.46376,0.33002,NA,12.2335,2.79952,0.39689
2024/3/6 15:00,941.05,19.485,17.56,41.6,34.85,2024,66,15,66.625,2.8681,2.84866,NA,2.33815,0.52995,0.51051,NA,12.8875,2.85838,0.52023
2024/3/6 16:00,513.3,19.84,17.785,41.6,34.8,2024,66,16,66.66666667,2.76049,2.89102,NA,2.30153,0.45896,0.58949,NA,7.73995,2.825755,0.524225
2024/3/6 17:00,172.35,20.04,18,41.6,34.8,2024,66,17,66.70833333,3.13026,3.14118,NA,2.27739,0.85287,0.86379,NA,6.7151,3.13572,0.85833
2024/3/6 18:00,0,20.08,18.19,41.6,34.7,2024,66,18,66.75,3.02606,3.08719,NA,2.01832,1.00774,1.06887,NA,2.8284,3.056625,1.038305
2024/3/6 19:00,0,19.98,18.335,41.6,34.7,2024,66,19,66.79166667,2.59611,2.81217,NA,1.93737,0.65874,0.8748,NA,2.4031,2.70414,0.76677
2024/3/6 20:00,0,19.8,18.43,41.6,34.7,2024,66,20,66.83333333,2.80754,2.83195,NA,1.89816,0.90938,0.93379,NA,1.89465,2.819745,0.921585
2024/3/6 21:00,0,19.61,18.48,41.65,34.7,2024,66,21,66.875,2.69899,3.0895,NA,1.79359,0.9054,1.29591,NA,1.47615,2.894245,1.100655
2024/3/6 22:00,0,19.4,18.49,41.7,34.7,2024,66,22,66.91666667,2.50936,2.78776,NA,1.73904,0.77032,1.04872,NA,1.46695,2.64856,0.90952
2024/3/6 23:00,0,19.18,18.475,41.7,34.7,2024,66,23,66.95833333,2.46912,2.41026,NA,1.65208,0.81704,0.75818,NA,0.06925,2.43969,0.78761
2024/3/7 0:00,0,18.97,18.435,41.7,34.7,2024,67,0,67,2.35385,2.59757,NA,1.65511,0.69874,0.94246,NA,0.936,2.47571,0.8206
2024/3/7 1:00,0,18.77,18.38,41.7,34.7,2024,67,1,67.04166667,2.54633,2.61187,NA,1.60828,0.93805,1.00359,NA,0.76546,2.5791,0.97082
2024/3/7 2:00,0,18.575,18.31,41.7,34.7,2024,67,2,67.08333333,2.52295,2.66578,NA,1.56522,0.95773,1.10056,NA,0.24003,2.594365,1.029145
2024/3/7 3:00,0,18.395,18.24,41.7,34.75,2024,67,3,67.125,2.53864,2.6246,NA,1.48623,1.05241,1.13837,NA,0.088902,2.58162,1.09539
2024/3/7 4:00,0,18.22,18.16,41.75,34.8,2024,67,4,67.16666667,2.36389,2.40627,NA,1.45601,0.90788,0.95026,NA,0.0701395,2.38508,0.92907
2024/3/7 5:00,0,18.04,18.08,41.8,34.8,2024,67,5,67.20833333,2.32051,2.51271,NA,1.41253,0.90798,1.10018,NA,-0.26953,2.41661,1.00408
2024/3/7 6:00,0,17.865,17.99,41.8,34.8,2024,67,6,67.25,2.31823,2.51412,NA,1.45298,0.86525,1.06114,NA,-0.59869,2.416175,0.963195
2024/3/7 7:00,69.8025,17.69,17.9,41.8,34.8,2024,67,7,67.29166667,2.1512,2.5084,NA,1.42636,0.72484,1.08204,NA,-0.56763,2.3298,0.90344
2024/3/7 8:00,236.75,17.545,17.805,41.8,34.9,2024,67,8,67.33333333,2.17473,2.40481,NA,1.40422,0.77051,1.00059,NA,2.5386,2.28977,0.88555
2024/3/7 9:00,376.35,17.5,17.71,41.8,34.9,2024,67,9,67.375,2.22377,2.38806,NA,1.43627,0.7875,0.95179,NA,-4.6634,2.305915,0.869645
2024/3/7 10:00,507.75,17.595,17.635,41.8,34.9,2024,67,10,67.41666667,2.14978,2.52231,NA,1.52581,0.62397,0.9965,NA,0.60065,2.336045,0.810235
2024/3/7 11:00,658.5,17.805,17.595,41.7,34.9,2024,67,11,67.45833333,2.02644,2.51806,NA,1.62264,0.4038,0.89542,NA,9.76995,2.27225,0.64961
2024/3/7 12:00,580.1,18.09,17.595,41.7,34.9,2024,67,12,67.5,2.35667,2.61594,NA,1.78863,0.56804,0.82731,NA,9.7282,2.486305,0.697675
2024/3/7 13:00,781.85,18.385,17.625,41.65,34.9,2024,67,13,67.54166667,2.2314,2.60459,NA,1.74433,0.48707,0.86026,NA,12.5585,2.417995,0.673665
2024/3/7 14:00,424.45,18.65,17.69,41.6,34.8,2024,67,14,67.58333333,2.2486,2.57295,NA,1.98464,0.26396,0.58831,NA,6.99255,2.410775,0.426135
2024/3/7 15:00,231.35,18.86,17.775,41.6,34.8,2024,67,15,67.625,2.31698,2.43858,NA,1.75235,0.56463,0.68623,NA,4.8372,2.37778,0.62543
2024/3/7 16:00,131.6,18.955,17.875,41.6,34.75,2024,67,16,67.66666667,2.81619,2.83061,NA,1.75537,1.06082,1.07524,NA,3.156,2.8234,1.06803
2024/3/7 17:00,53.25,18.965,17.95,41.6,34.7,2024,67,17,67.70833333,2.8378,2.97029,NA,1.85453,0.98327,1.11576,NA,1.943,2.904045,1.049515
2024/3/7 18:00,0,18.915,18.015,41.6,34.7,2024,67,18,67.75,2.42647,2.65064,NA,1.82334,0.60313,0.8273,NA,0.20988,2.538555,0.715215
2024/3/7 19:00,0,18.795,18.055,41.6,34.7,2024,67,19,67.79166667,2.1169,2.34855,NA,1.65292,0.46398,0.69563,NA,1.19499,2.232725,0.579805
2024/3/7 20:00,0,18.64,18.08,41.6,34.7,2024,67,20,67.83333333,2.16478,2.56873,NA,1.51464,0.65014,1.05409,NA,1.60095,2.366755,0.852115
2024/3/7 21:00,0,18.495,18.065,41.65,34.7,2024,67,21,67.875,2.2298,2.74225,NA,1.51969,0.71011,1.22256,NA,2.13685,2.486025,0.966335
2024/3/7 22:00,0,18.4,18.035,41.7,34.7,2024,67,22,67.91666667,2.32131,2.6423,NA,1.59725,0.72406,1.04505,NA,0.9526,2.481805,0.884555
2024/3/7 23:00,0,18.345,18.01,41.7,34.75,2024,67,23,67.95833333,2.93365,3.20906,NA,1.7845,1.14915,1.42456,NA,-0.929355,3.071355,1.286855
2024/3/8 0:00,0,18.3,17.98,41.7,34.8,2024,68,0,68,2.21362,3.00603,NA,1.63434,0.57928,1.37169,NA,1.56061,2.609825,0.975485
2024/3/8 1:00,0,18.27,17.95,41.7,34.8,2024,68,1,68.04166667,2.5568,2.97402,NA,1.74378,0.81302,1.23024,NA,-1.011765,2.76541,1.02163
2024/3/8 2:00,0,18.245,17.93,41.7,34.8,2024,68,2,68.08333333,2.49351,2.78901,NA,1.75301,0.7405,1.036,NA,-0.42842,2.64126,0.88825
2024/3/8 3:00,0,18.235,17.905,41.7,34.8,2024,68,3,68.125,2.6918,2.94007,NA,1.74857,0.94323,1.1915,NA,1.77325,2.815935,1.067365
2024/3/8 4:00,0,18.23,17.89,41.7,34.8,2024,68,4,68.16666667,2.20466,2.97193,NA,1.7431,0.46156,1.22883,NA,-0.899745,2.588295,0.845195
2024/3/8 5:00,0,18.24,17.875,41.7,34.8,2024,68,5,68.20833333,2.52699,3.58589,NA,1.73931,0.78768,1.84658,NA,0.29284,3.05644,1.31713
2024/3/8 6:00,0,18.25,17.865,41.7,34.8,2024,68,6,68.25,3.49191,3.84373,NA,1.72277,1.76914,2.12096,NA,0.030785,3.66782,1.94505
2024/3/8 7:00,71.25,18.26,17.86,41.7,34.8,2024,68,7,68.29166667,3.03852,3.29592,NA,1.77268,1.26584,1.52324,NA,1.56415,3.16722,1.39454
2024/3/8 8:00,194.95,18.28,17.855,41.7,34.8,2024,68,8,68.33333333,2.94277,2.9588,NA,1.79318,1.14959,1.16562,NA,1.05405,2.950785,1.157605
2024/3/8 9:00,79.5,18.39,17.86,41.8,34.9,2024,68,9,68.375,2.23611,2.94025,NA,NA,NA,NA,NA,0.16815,2.58818,NA
2024/3/8 10:00,754.4,18.52,17.885,42,35.2,2024,68,10,68.41666667,2.43939,1.33475,NA,1.27716,1.16223,0.05759,NA,5.47675,1.88707,0.60991
2024/3/8 11:00,1405,18.545,17.915,41.95,35.15,2024,68,11,68.45833333,2.44292,2.05982,NA,1.66636,0.77656,0.39346,NA,10.2866,2.25137,0.58501
2024/3/8 12:00,1284.5,18.72,17.95,41.9,35.1,2024,68,12,68.5,2.99387,2.68288,NA,2.20323,0.79064,0.47965,NA,11.3823,2.838375,0.635145
2024/3/8 13:00,463.1,18.96,17.995,41.85,35.05,2024,68,13,68.54166667,2.70512,2.47868,NA,1.97671,0.72841,0.50197,NA,9.75915,2.5919,0.61519
2024/3/8 14:00,667.5,19.18,18.06,41.8,35,2024,68,14,68.58333333,2.59849,2.4807,NA,2.07157,0.52692,0.40913,NA,10.6176,2.539595,0.468025
2024/3/8 15:00,527.2,19.33,18.155,41.8,35,2024,68,15,68.625,2.321,2.39456,NA,1.99261,0.32839,0.40195,NA,9.0656,2.35778,0.36517
2024/3/8 16:00,295.1,19.415,18.25,41.8,35,2024,68,16,68.66666667,2.29497,2.66163,NA,1.94526,0.34971,0.71637,NA,4.82655,2.4783,0.53304
2024/3/8 17:00,120.35,19.41,18.33,41.8,35,2024,68,17,68.70833333,2.40911,2.64313,NA,1.84697,0.56214,0.79616,NA,1.527315,2.52612,0.67915
2024/3/8 18:00,0,19.325,18.39,41.8,35,2024,68,18,68.75,2.59553,2.358,NA,1.68209,0.91344,0.67591,NA,1.82318,2.476765,0.794675
2024/3/8 19:00,0,19.125,18.425,41.8,35,2024,68,19,68.79166667,2.41144,2.38881,NA,1.62858,0.78286,0.76023,NA,0.17674,2.400125,0.771545
2024/3/8 20:00,0,18.875,18.425,41.9,35,2024,68,20,68.83333333,2.13554,2.5693,NA,1.63236,0.50318,0.93694,NA,0.4622545,2.35242,0.72006
2024/3/8 21:00,0,18.61,18.39,41.9,35,2024,68,21,68.875,2.28272,2.40604,NA,1.54306,0.73966,0.86298,NA,0.142485,2.34438,0.80132
2024/3/8 22:00,0,18.33,18.33,41.9,35,2024,68,22,68.91666667,2.26884,2.19488,NA,1.42667,0.84217,0.76821,NA,-3.423665,2.23186,0.80519
2024/3/8 23:00,0,18.075,18.24,41.95,35,2024,68,23,68.95833333,2.0612,2.13415,NA,1.45949,0.60171,0.67466,NA,-5.3686,2.097675,0.638185
2024/3/9 0:00,0,17.875,18.145,42,35,2024,69,0,69,1.73366,2.04477,NA,1.41034,0.32332,0.63443,NA,-1.50526,1.889215,0.478875
2024/3/9 1:00,0,17.665,18.045,42,35,2024,69,1,69.04166667,1.92743,2.2984,NA,1.39704,0.53039,0.90136,NA,-4.79125,2.112915,0.715875
2024/3/9 2:00,0,17.425,17.935,42,35,2024,69,2,69.08333333,1.79546,1.99071,NA,1.33096,0.4645,0.65975,NA,-2.7161,1.893085,0.562125
2024/3/9 3:00,0,17.13,17.82,42.1,35.1,2024,69,3,69.125,1.50473,1.90126,NA,1.26476,0.23997,0.6365,NA,-2.7171,1.702995,0.438235
2024/3/9 4:00,0,16.785,17.695,42.15,35.1,2024,69,4,69.16666667,1.65729,1.9125,NA,1.14565,0.51164,0.76685,NA,-0.6586965,1.784895,0.639245
2024/3/9 5:00,0,16.41,17.55,42.2,35.1,2024,69,5,69.20833333,1.53509,1.95265,NA,1.11786,0.41723,0.83479,NA,-0.85225,1.74387,0.62601
2024/3/9 6:00,0,16.045,17.385,42.2,35.15,2024,69,6,69.25,1.34745,1.77305,NA,1.0787,0.26875,0.69435,NA,-1.81455,1.56025,0.48155
2024/3/9 7:00,3.3815,15.695,17.205,42.3,35.2,2024,69,7,69.29166667,1.45329,1.72684,NA,1.02951,0.42378,0.69733,NA,-0.127015,1.590065,0.560555
2024/3/9 8:00,82.67,15.385,17.02,42.3,35.2,2024,69,8,69.33333333,1.37953,1.77044,NA,NA,NA,NA,NA,1.4966,1.574985,NA
2024/3/9 9:00,176.6,15.12,16.83,42.3,35.2,2024,69,9,69.375,NA,1.74781,NA,1.01283,NA,0.73498,NA,3.5766,1.74781,0.73498
2024/3/9 10:00,286.7,14.92,16.65,42.35,35.2,2024,69,10,69.41666667,1.44549,1.75947,NA,1.04348,0.40201,0.71599,NA,5.8251,1.60248,0.559
2024/3/9 11:00,529.25,14.79,16.475,42.35,35.25,2024,69,11,69.45833333,1.39546,1.75435,NA,1.11444,0.28102,0.63991,NA,11.4385,1.574905,0.460465
2024/3/9 12:00,863.5,14.795,16.32,42.3,35.3,2024,69,12,69.5,1.5697,1.77848,NA,1.19464,0.37506,0.58384,NA,13.5815,1.67409,0.47945
2024/3/9 13:00,1317.5,14.95,16.2,42.3,35.3,2024,69,13,69.54166667,1.63336,1.80869,NA,1.43979,0.19357,0.3689,NA,13.955,1.721025,0.281235
2024/3/9 14:00,1118.5,15.295,16.115,42.2,35.3,2024,69,14,69.58333333,1.715,1.83153,NA,1.38662,0.32838,0.44491,NA,16.7565,1.773265,0.386645
2024/3/9 15:00,1015,15.59,16.105,42.2,35.25,2024,69,15,69.625,1.65196,1.92505,NA,1.51748,0.13448,0.40757,NA,15.3785,1.788505,0.271025
2024/3/9 16:00,643.95,15.775,16.14,42.2,35.2,2024,69,16,69.66666667,1.53,1.79,NA,1.32,0.21,0.47,NA,10.62025,1.66,0.34
2024/3/9 17:00,253.7,15.81,16.175,42.2,35.2,2024,69,17,69.70833333,1.62882,1.91,NA,1.51,0.11882,0.4,NA,5.4679,1.76941,0.25941
2024/3/9 18:00,10.88,15.7,16.205,42.2,35.2,2024,69,18,69.75,1.71,1.86,NA,1.37,0.34,0.49,NA,1.28306,1.785,0.415
2024/3/9 19:00,0,15.465,16.195,42.25,35.2,2024,69,19,69.79166667,1.56,1.82,NA,1.13156,0.42844,0.68844,NA,1.3753,1.69,0.55844
2024/3/9 20:00,0,15.175,16.16,42.3,35.2,2024,69,20,69.83333333,1.6,1.75,NA,1.09191,0.50809,0.65809,NA,-0.91026,1.675,0.58309
2024/3/9 21:00,0,14.865,16.085,42.3,35.2,2024,69,21,69.875,1.51,1.72,NA,1.04,0.47,0.68,NA,-1.36015,1.615,0.575
2024/3/9 22:00,0,14.55,15.97,42.4,35.2,2024,69,22,69.91666667,1.39,1.59,NA,1.01,0.38,0.58,NA,0.245464,1.49,0.48
2024/3/9 23:00,0,14.25,15.84,42.4,35.2,2024,69,23,69.95833333,1.33,1.68,NA,0.97,0.36,0.71,NA,-2.87515,1.505,0.535
2024/3/10 0:00,0,13.98,15.7,42.4,35.3,2024,70,0,70,1.27,1.61,NA,0.904562,0.365438,0.705438,NA,-3.50545,1.44,0.535438
2024/3/10 1:00,0,13.745,15.54,42.5,35.3,2024,70,1,70.04166667,1.33,1.56,NA,0.877074,0.452926,0.682926,NA,-6.0294,1.445,0.567926
2024/3/10 2:00,0,13.515,15.395,42.5,35.3,2024,70,2,70.08333333,1.35,1.65,NA,NA,NA,NA,NA,-1.24485,1.5,NA
2024/3/10 3:00,0,13.275,15.24,42.5,35.3,2024,70,3,70.125,1.26212,1.44,NA,0.822458,0.439662,0.617542,NA,-2.26755,1.35106,0.528602
2024/3/10 4:00,0,13.04,15.085,42.5,35.3,2024,70,4,70.16666667,NA,1.59,NA,0.808502,NA,0.781498,NA,-2.3075,1.59,0.781498
2024/3/10 5:00,0,12.79,14.93,42.5,35.3,2024,70,5,70.20833333,1.21479,1.40896,NA,0.77,0.44479,0.63896,NA,-2.29515,1.311875,0.541875
2024/3/10 6:00,0.3755,12.53,14.77,42.6,35.3,2024,70,6,70.25,1.23,1.44,NA,0.78,0.45,0.66,NA,-2.46255,1.335,0.555
2024/3/10 7:00,272.75,12.27,14.61,42.6,35.3,2024,70,7,70.29166667,1.16,1.42463,NA,0.75145,0.40855,0.67318,NA,5.0014,1.292315,0.540865
2024/3/10 8:00,632.25,12.08,14.44,42.6,35.4,2024,70,8,70.33333333,1.18,1.53,NA,0.7,0.48,0.83,NA,-1.5424,1.355,0.655
2024/3/10 9:00,1047,12.035,14.27,42.6,35.4,2024,70,9,70.375,1.24098,1.51,NA,0.79,0.45098,0.72,NA,7.7396,1.37549,0.58549
2024/3/10 10:00,1185.5,12.13,14.145,42.6,35.4,2024,70,10,70.41666667,1.1805,1.49,NA,0.85,0.3305,0.64,NA,9.5494,1.33525,0.48525
2024/3/10 11:00,1511,12.425,14.05,42.5,35.4,2024,70,11,70.45833333,1.53,1.66,NA,0.94,0.59,0.72,NA,16.8725,1.595,0.655
2024/3/10 12:00,1386.5,12.94,14.02,42.5,35.4,2024,70,12,70.5,1.39423,1.72,NA,1.12,0.27423,0.6,NA,15.3995,1.557115,0.437115
2024/3/10 13:00,1389,13.425,14.065,42.4,35.3,2024,70,13,70.54166667,1.91,1.66,NA,1.54,0.37,0.12,NA,13.8155,1.785,0.245
2024/3/10 14:00,1341,13.935,14.16,42.35,35.3,2024,70,14,70.58333333,1.9,1.95,NA,1.44,0.46,0.51,NA,12.062,1.925,0.485
2024/3/10 15:00,1044.5,14.335,14.3,42.3,35.3,2024,70,15,70.625,1.69,1.87,NA,1.46,0.23,0.41,NA,12.8985,1.78,0.32
2024/3/10 16:00,NA,14.6,14.46,42.3,35.2,2024,70,16,70.66666667,1.78,1.99,NA,1.275,0.505,0.715,NA,10.917,1.885,0.61
2024/3/10 17:00,580.1,14.78,14.61,42.3,35.2,2024,70,17,70.70833333,1.83,2.05,NA,1.31,0.52,0.74,NA,9.40825,1.94,0.63
2024/3/10 18:00,226,14.865,14.745,42.3,35.2,2024,70,18,70.75,1.73503,1.97245,NA,1.22,0.51503,0.75245,NA,NA,1.85374,0.63374
2024/3/10 19:00,0.375,14.83,14.845,42.3,35.2,2024,70,19,70.79166667,1.707995,1.97,NA,1.22,0.487995,0.75,NA,NA,1.8389975,0.6189975
2024/3/10 20:00,0,14.705,14.915,42.3,35.2,2024,70,20,70.83333333,1.53,1.88,NA,1.02935,0.50065,0.85065,NA,NA,1.705,0.67565
2024/3/10 21:00,0,14.535,14.95,42.3,35.2,2024,70,21,70.875,1.59,1.775,NA,0.997833,0.592167,0.777167,NA,NA,1.6825,0.684667
2024/3/10 22:00,0,14.325,14.945,42.4,35.2,2024,70,22,70.91666667,1.36,1.71,NA,1.06,0.3,0.65,NA,-1.2703,1.535,0.475
2024/3/10 23:00,0,14.09,14.915,42.4,35.2,2024,70,23,70.95833333,1.44,1.6,NA,0.97,0.47,0.63,NA,-0.297275,1.52,0.55
2024/3/11 0:00,0,13.88,14.855,42.4,35.2,2024,71,0,71,1.4,1.69,NA,0.99,0.41,0.7,NA,-1.1038,1.545,0.555
2024/3/11 1:00,0,13.7,14.78,42.4,35.2,2024,71,1,71.04166667,1.44,1.73,NA,1.03,0.41,0.7,NA,-0.088905,1.585,0.555
2024/3/11 2:00,0,13.57,14.7,42.4,35.2,2024,71,2,71.08333333,1.4,1.72,NA,1.01,0.39,0.71,NA,-0.808685,1.56,0.55
2024/3/11 3:00,0,13.46,14.625,42.5,35.2,2024,71,3,71.125,1.49494,1.74,NA,0.935234,0.559706,0.804766,NA,-0.75992,1.61747,0.682236
2024/3/11 4:00,0,13.355,14.54,42.5,35.2,2024,71,4,71.16666667,1.37,1.64,NA,0.93918,0.43082,0.70082,NA,-0.77981,1.505,0.56582
2024/3/11 5:00,0,13.275,14.465,42.5,35.2,2024,71,5,71.20833333,1.43,1.66,NA,0.94,0.49,0.72,NA,-0.8679,1.545,0.605
2024/3/11 6:00,0,13.2,14.4,42.5,35.2,2024,71,6,71.25,1.51,1.69,NA,0.85,0.66,0.84,NA,-0.987335,1.6,0.75
2024/3/11 7:00,48.05,13.105,14.33,42.5,35.2,2024,71,7,71.29166667,1.38,1.62,NA,0.94,0.44,0.68,NA,-0.77146,1.5,0.56
2024/3/11 8:00,152.45,13.055,14.265,42.5,35.2,2024,71,8,71.33333333,1.48,1.65,NA,0.94,0.54,0.71,NA,3.13595,1.565,0.625
2024/3/11 9:00,588.35,13.055,14.2,42.5,35.2,2024,71,9,71.375,1.41,1.69,NA,0.99,0.42,0.7,NA,7.1336,1.55,0.56
2024/3/11 10:00,898.85,13.16,14.155,42.45,35.2,2024,71,10,71.41666667,1.52,1.74,NA,1.03,0.49,0.71,NA,11.84795,1.63,0.6
2024/3/11 11:00,919.65,13.51,14.14,42.4,35.2,2024,71,11,71.45833333,1.61,1.72,NA,1.12,0.49,0.6,NA,12.4515,1.665,0.545
2024/3/11 12:00,1210.5,13.975,14.165,42.3,35.15,2024,71,12,71.5,1.76,2.01,NA,1.31,0.45,0.7,NA,11.1819,1.885,0.575
2024/3/11 13:00,1136.5,14.43,14.25,42.25,35.1,2024,71,13,71.54166667,1.88,2.04,NA,1.35,0.53,0.69,NA,14.661,1.96,0.61
2024/3/11 14:00,998,14.95,14.385,42.2,35.05,2024,71,14,71.58333333,1.88,2.08,NA,1.32,0.56,0.76,NA,14.2215,1.98,0.66
2024/3/11 15:00,745.15,15.365,14.555,42.2,35,2024,71,15,71.625,1.87,2.04,NA,1.5,0.37,0.54,NA,12.787,1.955,0.455
2024/3/11 16:00,464.15,15.645,14.745,42.1,35,2024,71,16,71.66666667,1.95,2.16,NA,1.43,0.52,0.73,NA,11.7245,2.055,0.625
2024/3/11 17:00,236.55,15.82,14.925,42.1,34.9,2024,71,17,71.70833333,1.84,2.18,NA,1.36,0.48,0.82,NA,9.89535,2.01,0.65
2024/3/11 18:00,13.125,15.855,15.085,42.1,34.9,2024,71,18,71.75,1.98386,2.05,NA,1.32,0.66386,0.73,NA,8.1897,2.01693,0.69693
2024/3/11 19:00,0,15.74,15.205,42.2,34.9,2024,71,19,71.79166667,1.6515,1.93,NA,1.23245,0.41905,0.69755,NA,2.24245,1.79075,0.5583
2024/3/11 20:00,0,15.515,15.28,42.2,34.9,2024,71,20,71.83333333,1.69185,1.97,NA,1.14,0.55185,0.83,NA,-1.15651,1.830925,0.690925
2024/3/11 21:00,0,15.25,15.32,42.2,34.9,2024,71,21,71.875,1.66,1.89,NA,1.07064,0.58936,0.81936,NA,-0.7057,1.775,0.70436
2024/3/11 22:00,0,14.97,15.3,42.25,34.9,2024,71,22,71.91666667,1.54,1.91,NA,1.07,0.47,0.84,NA,-0.87228,1.725,0.655
2024/3/11 23:00,0,14.7,15.245,42.3,34.9,2024,71,23,71.95833333,1.66,1.75,NA,1.03701,0.62299,0.71299,NA,-1.38675,1.705,0.66799
2024/3/12 0:00,0,14.44,15.18,42.3,34.9,2024,72,0,72,1.52,1.69,NA,1.03,0.49,0.66,NA,0.319435,1.605,0.575
2024/3/12 1:00,0,14.215,15.095,42.3,34.9,2024,72,1,72.04166667,1.46759,1.83,NA,0.921436,0.546154,0.908564,NA,1.06328,1.648795,0.727359
2024/3/12 2:00,0,14.01,14.995,42.35,34.9,2024,72,2,72.08333333,1.50414,1.64,NA,0.944373,0.559767,0.695627,NA,1.5429,1.57207,0.627697
2024/3/12 3:00,0,13.815,14.895,42.4,34.9,2024,72,3,72.125,1.59,1.61,NA,0.955394,0.634606,0.654606,NA,0.30247,1.6,0.644606
2024/3/12 4:00,0,13.64,14.795,42.4,34.9,2024,72,4,72.16666667,1.33,1.63,NA,0.905597,0.424403,0.724403,NA,-0.433755,1.48,0.574403
2024/3/12 5:00,0,13.455,14.685,42.4,34.9,2024,72,5,72.20833333,1.47,1.59,NA,0.9,0.57,0.69,NA,0.606405,1.53,0.63
2024/3/12 6:00,0.3755,13.285,14.585,42.4,34.9,2024,72,6,72.25,NA,1.54,NA,0.874919,NA,0.665081,NA,-1.2144,1.54,0.665081
2024/3/12 7:00,178,13.12,14.48,42.5,34.9,2024,72,7,72.29166667,1.29,1.59242,NA,NA,NA,NA,NA,NA,1.44121,NA
2024/3/12 8:00,461.75,13.025,14.375,42.5,34.9,2024,72,8,72.33333333,1.45,1.7101,NA,0.916762,0.533238,0.793338,NA,NA,1.58005,0.663288
2024/3/12 9:00,900.5,13.07,14.28,42.4,34.9,2024,72,9,72.375,1.54,1.76,NA,0.93,0.61,0.83,NA,4.6057,1.65,0.72
2024/3/12 10:00,1214.5,13.355,14.215,42.35,34.9,2024,72,10,72.41666667,1.61,1.87,NA,1.09,0.52,0.78,NA,8.9323,1.74,0.65
2024/3/12 11:00,1439,13.965,14.2,42.25,34.9,2024,72,11,72.45833333,1.92,2.12,NA,1.32,0.6,0.8,NA,10.992,2.02,0.7
2024/3/12 12:00,1054.5,14.765,14.28,42.15,34.9,2024,72,12,72.5,1.82,2.16,NA,1.39,0.43,0.77,NA,18.0525,1.99,0.6
2024/3/12 13:00,990,15.41,14.45,42.1,34.85,2024,72,13,72.54166667,1.95,2.25,NA,1.61,0.34,0.64,NA,13.7675,2.1,0.49
2024/3/12 14:00,947.5,16.015,14.675,42,34.75,2024,72,14,72.58333333,2.01,2.24,NA,1.65,0.36,0.59,NA,14.019,2.125,0.475
2024/3/12 15:00,762.5,16.51,14.925,41.95,34.7,2024,72,15,72.625,1.93,2.34,NA,1.6,0.33,0.74,NA,13.546,2.135,0.535
2024/3/12 16:00,401.35,16.885,15.185,41.9,34.7,2024,72,16,72.66666667,2.01,2.44,NA,1.62,0.39,0.82,NA,11.953,2.225,0.605
2024/3/12 17:00,256,17.095,15.435,41.9,34.6,2024,72,17,72.70833333,2.3,2.45,NA,1.63,0.67,0.82,NA,8.38235,2.375,0.745
2024/3/12 18:00,11.24,17.175,15.65,41.9,34.6,2024,72,18,72.75,NA,2.7,NA,NA,NA,NA,NA,7.176,2.7,NA
2024/3/12 19:00,0,17.125,15.82,41.9,34.6,2024,72,19,72.79166667,NA,NA,NA,1.57148,NA,NA,NA,3.93055,NA,NA
2024/3/12 20:00,0,16.965,15.945,42,34.6,2024,72,20,72.83333333,2.2,2.41,NA,NA,NA,NA,NA,3.3318,2.305,NA
2024/3/12 21:00,0,16.775,16.03,42,34.6,2024,72,21,72.875,1.98,2.24,NA,NA,NA,NA,NA,2.61065,2.11,NA
2024/3/12 22:00,0,16.595,16.065,42,34.6,2024,72,22,72.91666667,1.9891,2.28145,NA,1.4927,0.4964,0.78875,NA,0.7849125,2.135275,0.642575
2024/3/12 23:00,0,16.465,16.07,42,34.6,2024,72,23,72.95833333,1.89,2.14,NA,1.36139,0.52861,0.77861,NA,-1.49035,2.015,0.65361
2024/3/13 0:00,0,16.355,16.06,42,34.6,2024,73,0,73,2.02,2.26,NA,1.34,0.68,0.92,NA,0.47455,2.14,0.8
2024/3/13 1:00,0,16.265,16.05,42,34.5,2024,73,1,73.04166667,2.01,2.46,NA,1.3095,0.7005,1.1505,NA,0.075495,2.235,0.9255
2024/3/13 2:00,0,16.175,16.025,42.1,34.5,2024,73,2,73.08333333,2.17257,2.32,NA,1.24426,0.92831,1.07574,NA,1.87735,2.246285,1.002025
2024/3/13 3:00,0,16.075,16.005,42.1,34.5,2024,73,3,73.125,2.21,2.28,NA,1.34115,0.86885,0.93885,NA,2.15225,2.245,0.90385
2024/3/13 4:00,0,16.01,15.98,42.1,34.5,2024,73,4,73.16666667,2.16,2.25,NA,NA,NA,NA,NA,0.19896,2.205,NA
2024/3/13 5:00,0,15.985,15.95,42.1,34.5,2024,73,5,73.20833333,2.01,2.39,NA,1.49,0.52,0.9,NA,-0.4253,2.2,0.71
2024/3/13 6:00,0,15.98,15.93,42.1,34.5,2024,73,6,73.25,2.02904,2.32,NA,1.4,0.62904,0.92,NA,0.5346,2.17452,0.77452
2024/3/13 7:00,51.43,16,15.915,42.1,34.5,2024,73,7,73.29166667,2.14,2.21,NA,1.36,0.78,0.85,NA,-0.1331945,2.175,0.815
2024/3/13 8:00,216.85,16.07,15.905,42.05,34.5,2024,73,8,73.33333333,2.02,2.32,NA,1.31508,0.70492,1.00492,NA,1.8888,2.17,0.85492
2024/3/13 9:00,211.15,16.21,15.915,42,34.5,2024,73,9,73.375,2.11,2.32,NA,1.44,0.67,0.88,NA,1.1977,2.215,0.775
2024/3/13 10:00,559.85,16.435,15.94,42,34.5,2024,73,10,73.41666667,2.17,2.41,NA,1.42,0.75,0.99,NA,8.6102,2.29,0.87
2024/3/13 11:00,1088.5,16.755,15.99,41.9,34.5,2024,73,11,73.45833333,2.21705,2.49,NA,1.74,0.47705,0.75,NA,8.731,2.353525,0.613525
2024/3/13 12:00,907.9,17.24,16.08,41.85,34.45,2024,73,12,73.5,2.43,2.68,NA,2.08,0.35,0.6,NA,14.671,2.555,0.475
2024/3/13 13:00,708.25,17.725,16.22,41.8,34.4,2024,73,13,73.54166667,2.41,2.7,NA,2,0.41,0.7,NA,13.4655,2.555,0.555
2024/3/13 14:00,855.35,18.17,16.39,41.75,34.4,2024,73,14,73.58333333,2.41,2.77,NA,1.87,0.54,0.9,NA,13.757,2.59,0.72
2024/3/13 15:00,776.1,18.54,16.59,41.7,34.35,2024,73,15,73.625,2.5,2.74,NA,1.89,0.61,0.85,NA,14.3225,2.62,0.73
2024/3/13 16:00,559.45,18.825,16.8,41.7,34.3,2024,73,16,73.66666667,2.66,2.96,NA,1.85,0.81,1.11,NA,11.4005,2.81,0.96
2024/3/13 17:00,194.5,19.005,17,41.7,34.3,2024,73,17,73.70833333,NA,3.07,NA,2.17,NA,0.9,NA,9.479,3.07,0.9
2024/3/13 18:00,17.24,19.075,17.18,41.7,34.3,2024,73,18,73.75,2.55611,2.61,NA,1.80072,0.75539,0.80928,NA,3.6071,2.583055,0.782335
2024/3/13 19:00,0,19,17.335,41.7,34.2,2024,73,19,73.79166667,2.54,2.84,NA,1.88,0.66,0.96,NA,2.3482,2.69,0.81
2024/3/13 20:00,0,18.845,17.44,41.7,34.2,2024,73,20,73.83333333,2.09,2.47,NA,1.8,0.29,0.67,NA,-0.4395,2.28,0.48
2024/3/13 21:00,0,18.675,17.505,41.7,34.2,2024,73,21,73.875,2.34,2.43,NA,1.71804,0.62196,0.71196,NA,-2.070675,2.385,0.66696
2024/3/13 22:00,0,18.54,17.535,41.8,34.2,2024,73,22,73.91666667,2.33,2.62,NA,1.98,0.35,0.64,NA,0.70676,2.475,0.495
2024/3/13 23:00,0,18.43,17.54,41.8,34.2,2024,73,23,73.95833333,2.35,2.65,NA,1.44,0.91,1.21,NA,0.1715,2.5,1.06
2024/3/14 0:00,0,18.36,17.545,41.8,34.2,2024,74,0,74,2.23,2.41,NA,1.44,0.79,0.97,NA,-0.035745,2.32,0.88
2024/3/14 1:00,0,18.315,17.54,41.8,34.2,2024,74,1,74.04166667,2.37,2.66,NA,1.41,0.96,1.25,NA,-0.80377,2.515,1.105
2024/3/14 2:00,0,18.305,17.53,41.8,34.2,2024,74,2,74.08333333,2.47,2.54,NA,NA,NA,NA,NA,-1.44815,2.505,NA
2024/3/14 3:00,0,18.295,17.54,41.8,34.2,2024,74,3,74.125,2.18,2.55,NA,1.53783,0.64217,1.01217,NA,-0.921555,2.365,0.82717
2024/3/14 4:00,0,18.315,17.54,41.8,34.2,2024,74,4,74.16666667,2.65,2.68,NA,1.81,0.84,0.87,NA,-1.055,2.665,0.855
2024/3/14 5:00,0,18.345,17.555,41.8,34.2,2024,74,5,74.20833333,2.77,2.88,NA,1.84,0.93,1.04,NA,-0.506882,2.825,0.985
2024/3/14 6:00,0,18.355,17.565,41.8,34.2,2024,74,6,74.25,2.36,2.72571,NA,1.7,0.66,1.02571,NA,0.884195,2.542855,0.842855
2024/3/14 7:00,119.2,18.35,17.58,41.8,34.2,2024,74,7,74.29166667,2.5,2.65,NA,1.58,0.92,1.07,NA,-0.436345,2.575,0.995
2024/3/14 8:00,154.85,18.39,17.595,41.8,34.2,2024,74,8,74.33333333,2.46,2.79,NA,1.74056,0.71944,1.04944,NA,2.2261,2.625,0.88444
2024/3/14 9:00,174.75,18.505,17.615,41.8,34.15,2024,74,9,74.375,2.75,2.89,NA,1.75,1,1.14,NA,3.12325,2.82,1.07
2024/3/14 10:00,769.6,18.655,17.645,41.7,34.1,2024,74,10,74.41666667,2.53,2.89,NA,1.8,0.73,1.09,NA,2.609755,2.71,0.91
2024/3/14 11:00,758.5,18.955,17.7,41.65,34.1,2024,74,11,74.45833333,2.47,2.93,NA,1.89,0.58,1.04,NA,10.358,2.7,0.81
2024/3/14 12:00,1001.5,19.36,17.78,41.6,34.1,2024,74,12,74.5,2.65,2.93,NA,2.09,0.56,0.84,NA,11.2381,2.79,0.7
2024/3/14 13:00,1386,19.785,17.905,41.55,34.1,2024,74,13,74.54166667,2.79,3.04,NA,2.3,0.49,0.74,NA,13.391,2.915,0.615
2024/3/14 14:00,1256.5,20.25,18.06,41.45,34,2024,74,14,74.58333333,2.91,3.02,NA,2.27,0.64,0.75,NA,13.7065,2.965,0.695
2024/3/14 15:00,739.15,20.635,18.26,41.4,34,2024,74,15,74.625,2.7,3,NA,2.18,0.52,0.82,NA,12.29555,2.85,0.67
2024/3/14 16:00,192.65,20.83,18.465,41.4,33.95,2024,74,16,74.66666667,2.72,3.02,NA,2.05,0.67,0.97,NA,11.932,2.87,0.82
2024/3/14 17:00,99.68,20.83,18.66,41.4,33.9,2024,74,17,74.70833333,3.02,3.25,NA,2.07,0.95,1.18,NA,2.93145,3.135,1.065
2024/3/14 18:00,5.995,20.705,18.815,41.4,33.9,2024,74,18,74.75,2.9508,3.29,NA,2.19736,0.75344,1.09264,NA,2.43845,3.1204,0.92304
2024/3/14 19:00,0,20.53,18.91,41.5,33.9,2024,74,19,74.79166667,3.13325,3.28,NA,1.84312,1.29013,1.43688,NA,1.610575,3.206625,1.363505
2024/3/14 20:00,0,20.325,18.96,41.5,33.8,2024,74,20,74.83333333,2.73,3.40154,NA,2.22134,0.50866,1.1802,NA,2.48835,3.06577,0.84443
2024/3/14 21:00,0,20.145,18.98,41.5,33.8,2024,74,21,74.875,2.96,3.15946,NA,2.11064,0.84936,1.04882,NA,1.9092,3.05973,0.94909
2024/3/14 22:00,0,20.015,18.97,41.6,33.8,2024,74,22,74.91666667,2.75,3.3,NA,1.71727,1.03273,1.58273,NA,-1.0962,3.025,1.30773
2024/3/14 23:00,0,19.93,18.95,41.6,33.8,2024,74,23,74.95833333,2.84634,3.19452,NA,1.69094,1.1554,1.50358,NA,-2.34645,3.02043,1.32949
2024/3/15 0:00,0,19.885,18.935,41.6,33.8,2024,75,0,75,2.76,3.07,NA,1.814,0.946,1.256,NA,0.038065,2.915,1.101
2024/3/15 1:00,0,19.855,18.92,41.6,33.8,2024,75,1,75.04166667,3.13071,3.47183,NA,2.15092,0.97979,1.32091,NA,-2.83566,3.30127,1.15035
2024/3/15 2:00,0,19.82,18.91,41.6,33.8,2024,75,2,75.08333333,3.10508,3.32411,NA,2.05228,1.0528,1.27183,NA,1.9089,3.214595,1.162315
2024/3/15 3:00,0,19.79,18.895,41.6,33.8,2024,75,3,75.125,3.16,3.19,NA,2.09,1.07,1.1,NA,-0.86028,3.175,1.085
2024/3/15 4:00,0,19.725,18.895,41.6,33.8,2024,75,4,75.16666667,3.29137,3.72347,NA,1.89206,1.39931,1.83141,NA,-0.18675,3.50742,1.61536
2024/3/15 5:00,0,19.64,18.88,41.6,33.8,2024,75,5,75.20833333,3.14055,3.46,NA,2.13312,1.00743,1.32688,NA,1.65455,3.300275,1.167155
2024/3/15 6:00,0,19.565,18.86,41.6,33.9,2024,75,6,75.25,3.07917,3.36989,NA,2.21251,0.86666,1.15738,NA,0.175015,3.22453,1.01202
2024/3/15 7:00,0,19.555,18.86,42.6,34.95,2024,75,7,75.29166667,1.10775,NA,NA,NA,NA,NA,NA,-1.83674,1.10775,NA
2024/3/15 8:00,52.155,19.545,18.88,42.6,35.2,2024,75,8,75.33333333,1.25,1.97,NA,NA,NA,NA,NA,1.961435,1.61,NA
2024/3/15 9:00,237.9,19.46,18.87,42.45,35.2,2024,75,9,75.375,1.55,1.70052,NA,NA,NA,NA,NA,2.24945,1.62526,NA
2024/3/15 10:00,940.5,19.385,18.845,42.4,35.1,2024,75,10,75.41666667,1.74,1.79,NA,0.65,1.09,1.14,NA,2.254185,1.765,1.115
2024/3/15 11:00,807.85,19.565,18.825,42.3,35.05,2024,75,11,75.45833333,1.75,1.91,NA,0.861824,0.888176,1.048176,NA,11.56675,1.83,0.968176
2024/3/15 12:00,989,19.93,18.835,42.3,35,2024,75,12,75.5,2.04,1.99,NA,1.1,0.94,0.89,NA,13.712,2.015,0.915
2024/3/15 13:00,910.95,20.245,18.89,42.2,35,2024,75,13,75.54166667,2.19,2.12,NA,1.4,0.79,0.72,NA,14.6085,2.155,0.755
2024/3/15 14:00,561.35,20.53,18.985,42.2,35,2024,75,14,75.58333333,2.2,2.27,NA,1.575,0.625,0.695,NA,8.38725,2.235,0.66
2024/3/15 15:00,500.55,20.775,19.105,42.2,35,2024,75,15,75.625,2.11,2.2,NA,1.56,0.55,0.64,NA,6.3723,2.155,0.595
2024/3/15 16:00,356.9,20.805,19.23,42.2,34.9,2024,75,16,75.66666667,2.21,2.15,NA,1.82,0.39,0.33,NA,8.8104,2.18,0.36
2024/3/15 17:00,199.85,20.745,19.325,42.2,34.9,2024,75,17,75.70833333,2.06,2.23,NA,1.85,0.21,0.38,NA,7.2826,2.145,0.295
2024/3/15 18:00,21.375,20.61,19.395,42.2,34.9,2024,75,18,75.75,2.4,2.19,NA,1.82,0.58,0.37,NA,5.0061,2.295,0.475
2024/3/15 19:00,0,20.425,19.43,42.2,34.9,2024,75,19,75.79166667,2.12,2.36,NA,1.70604,0.41396,0.65396,NA,2.7943,2.24,0.53396
2024/3/15 20:00,0,20.185,19.425,42.2,34.8,2024,75,20,75.83333333,2.17,NA,NA,1.71,0.46,NA,NA,0.828795,2.17,0.46
2024/3/15 21:00,0,19.96,19.395,42.2,34.85,2024,75,21,75.875,2,2.32,NA,1.68895,0.31105,0.63105,NA,-0.55997,2.16,0.47105
2024/3/15 22:00,0,19.75,19.35,42.2,34.9,2024,75,22,75.91666667,2.03,2.02909,NA,1.60103,0.42897,0.42806,NA,-0.05156,2.029545,0.428515
2024/3/15 23:00,0,19.575,19.285,42.2,34.85,2024,75,23,75.95833333,1.95,2.18,NA,1.58196,0.36804,0.59804,NA,-2.2059,2.065,0.48304
2024/3/16 0:00,0,19.41,19.21,42.25,34.9,2024,76,0,76,1.98,2.25,NA,1.64725,0.33275,0.60275,NA,1.29785,2.115,0.46775
2024/3/16 1:00,0,19.24,19.13,42.3,34.9,2024,76,1,76.04166667,2.1,2.11,NA,1.58529,0.51471,0.52471,NA,1.33038,2.105,0.51971
2024/3/16 2:00,0,19.075,19.05,42.3,34.9,2024,76,2,76.08333333,1.82798,2.03,NA,1.52183,0.30615,0.50817,NA,0.15878,1.92899,0.40716
2024/3/16 3:00,0,18.95,18.97,42.3,34.9,2024,76,3,76.125,1.8722,2,NA,1.6266,0.2456,0.3734,NA,-4.3602,1.9361,0.3095
2024/3/16 4:00,0,18.835,18.895,42.3,34.9,2024,76,4,76.16666667,2.01,2.17936,NA,1.61,0.4,0.56936,NA,-0.62952,2.09468,0.48468
2024/3/16 5:00,0,18.735,18.815,42.3,34.9,2024,76,5,76.20833333,1.89,1.88,NA,1.51,0.38,0.37,NA,0.857935,1.885,0.375
2024/3/16 6:00,0.375,18.63,18.74,42.3,34.95,2024,76,6,76.25,1.89605,2.14,NA,1.51962,0.37643,0.62038,NA,0.1211,2.018025,0.498405
2024/3/16 7:00,54.41,18.525,18.665,42.3,35,2024,76,7,76.29166667,1.88383,2.08,NA,1.5,0.38383,0.58,NA,-0.81575,1.981915,0.481915
2024/3/16 8:00,153.85,18.445,18.6,42.3,35,2024,76,8,76.33333333,1.88,2,NA,1.51,0.37,0.49,NA,2.4712,1.94,0.43
2024/3/16 9:00,200.4,18.415,18.53,42.3,35,2024,76,9,76.375,1.8,2.1,NA,1.48,0.32,0.62,NA,3.935,1.95,0.47
2024/3/16 10:00,212.35,18.415,18.47,42.3,35,2024,76,10,76.41666667,1.85,2.09,NA,1.56,0.29,0.53,NA,8.14065,1.97,0.41
2024/3/16 11:00,182,18.465,18.425,42.5,35.35,2024,76,11,76.45833333,1.73,1.75,NA,0.93,0.8,0.82,NA,5.50885,1.74,0.81
2024/3/16 12:00,417.65,18.475,18.395,42.45,35.25,2024,76,12,76.5,1.69978,1.87,NA,1.16,0.53978,0.71,NA,4.647,1.78489,0.62489
2024/3/16 13:00,179.35,18.55,18.375,42.4,35.2,2024,76,13,76.54166667,1.82,1.95,NA,1.26,0.56,0.69,NA,11.068,1.885,0.625
2024/3/16 14:00,201.1,18.635,18.37,42.4,35.2,2024,76,14,76.58333333,1.89,1.93,NA,1.39,0.5,0.54,NA,6.45255,1.91,0.52
2024/3/16 15:00,233.8,18.68,18.37,42.4,35.2,2024,76,15,76.625,1.83,1.94,NA,1.48,0.35,0.46,NA,7.1255,1.885,0.405
2024/3/16 16:00,59.65,18.715,18.375,42.4,35.2,2024,76,16,76.66666667,2.02,NA,NA,1.47,0.55,NA,NA,3.06391,2.02,0.55
2024/3/16 17:00,0,18.73,18.38,42.4,35.2,2024,76,17,76.70833333,2.05,1.84,NA,1.45,0.6,0.39,NA,0.49553,1.945,0.495
2024/3/16 18:00,0,18.685,18.39,42.5,35.3,2024,76,18,76.75,1.94,2.01,NA,1.38,0.56,0.63,NA,1.205095,1.975,0.595
2024/3/16 19:00,0,18.61,18.39,42.5,35.25,2024,76,19,76.79166667,1.94,2.11,NA,1.48873,0.45127,0.62127,NA,1.180695,2.025,0.53627
2024/3/16 20:00,0,18.52,18.375,42.5,35.2,2024,76,20,76.83333333,1.83,1.96,NA,NA,NA,NA,NA,0.443225,1.895,NA
2024/3/16 21:00,0,18.435,18.35,42.5,35.2,2024,76,21,76.875,1.8,1.96,NA,1.62216,0.17784,0.33784,NA,0.13854,1.88,0.25784
2024/3/16 22:00,0,18.35,18.32,42.5,35.2,2024,76,22,76.91666667,1.67,1.82,NA,1.6,0.07,0.22,NA,-0.263445,1.745,0.145
2024/3/16 23:00,0,18.265,18.285,42.5,35.2,2024,76,23,76.95833333,1.75,1.95,NA,1.54,0.21,0.41,NA,0.909095,1.85,0.31
2024/3/17 0:00,0,18.18,18.24,42.5,35.2,2024,77,0,77,1.65,1.91,NA,1.51,0.14,0.4,NA,0.324445,1.78,0.27
2024/3/17 1:00,0,18.105,18.19,42.5,35.2,2024,77,1,77.04166667,1.86,1.87,NA,1.49,0.37,0.38,NA,-0.078015,1.865,0.375
2024/3/17 2:00,0,18.035,18.15,42.5,35.2,2024,77,2,77.08333333,1.86,2.09,NA,1.51,0.35,0.58,NA,0.104652,1.975,0.465
2024/3/17 3:00,0,17.975,18.105,42.65,35.3,2024,77,3,77.125,1.74929,1.80158,NA,1.5,0.24929,0.30158,NA,0.13178,1.775435,0.275435
2024/3/17 4:00,0,17.89,18.065,43.15,35.7,2024,77,4,77.16666667,NA,NA,NA,NA,NA,NA,NA,-2.88041,NA,NA
2024/3/17 5:00,0,17.78,18.02,43.25,35.7,2024,77,5,77.20833333,NA,NA,NA,NA,NA,NA,NA,-4.01043,NA,NA
2024/3/17 6:00,0,17.69,17.965,43.3,35.9,2024,77,6,77.25,NA,NA,NA,NA,NA,NA,NA,-0.098418,NA,NA
2024/3/17 7:00,49.55,17.61,17.91,43.3,35.9,2024,77,7,77.29166667,NA,1.09,NA,NA,NA,NA,NA,-2.84135,1.09,NA
2024/3/17 8:00,160.25,17.545,17.855,43.25,35.9,2024,77,8,77.33333333,0.79,1.05,NA,NA,NA,NA,NA,2.5,0.92,NA
2024/3/17 9:00,314.8,17.53,17.8,43.15,35.9,2024,77,9,77.375,0.86,1.14,NA,NA,NA,NA,NA,1.14415,1,NA
2024/3/17 10:00,252.15,17.595,17.76,43.1,35.9,2024,77,10,77.41666667,0.937228,1.2,NA,NA,NA,NA,NA,5.68925,1.068614,NA
2024/3/17 11:00,419.15,17.685,17.73,43,35.9,2024,77,11,77.45833333,0.92,1.27,NA,0.572979,0.347021,0.697021,NA,5.21865,1.095,0.522021
2024/3/17 12:00,401.1,17.795,17.72,43,35.9,2024,77,12,77.5,1.04599,1.25,NA,NA,NA,NA,NA,15.10765,1.147995,NA
2024/3/17 13:00,426.2,17.915,17.725,42.9,35.9,2024,77,13,77.54166667,1.19,1.32,NA,0.585814,0.604186,0.734186,NA,7.4582,1.255,0.669186
2024/3/17 14:00,193.95,18.055,17.75,42.9,35.9,2024,77,14,77.58333333,1.09,1.48,NA,NA,NA,NA,NA,10.1256,1.285,NA
2024/3/17 15:00,377.05,18.12,17.785,42.9,35.9,2024,77,15,77.625,1.11,1.38,NA,NA,NA,NA,NA,7.0129,1.245,NA
2024/3/17 16:00,93.38,18.2,17.82,42.8,35.85,2024,77,16,77.66666667,1.26,1.48,NA,0.699562,0.560438,0.780438,NA,10.56995,1.37,0.670438
2024/3/17 17:00,53.65,18.215,17.86,42.8,35.85,2024,77,17,77.70833333,1.3,1.49,NA,0.69,0.61,0.8,NA,3.5685,1.395,0.705
2024/3/17 18:00,0,18.17,17.885,42.8,35.9,2024,77,18,77.75,1.19,1.51,NA,0.709264,0.480736,0.800736,NA,1.83773,1.35,0.640736
2024/3/17 19:00,0,18.07,17.895,42.8,35.9,2024,77,19,77.79166667,1.26,1.48,NA,0.818423,0.441577,0.661577,NA,0.893805,1.37,0.551577
2024/3/17 20:00,0,17.935,17.89,42.8,35.9,2024,77,20,77.83333333,1.32,1.5,NA,0.82,0.5,0.68,NA,1.774115,1.41,0.59
2024/3/17 21:00,0,17.795,17.87,42.8,35.9,2024,77,21,77.875,1.22,1.576,NA,0.9,0.32,0.676,NA,0.074908,1.398,0.498
2024/3/17 22:00,0,17.64,17.83,42.8,35.9,2024,77,22,77.91666667,1.24,1.4,NA,0.954791,0.285209,0.445209,NA,1.296475,1.32,0.365209
2024/3/17 23:00,0,17.48,17.785,42.85,35.9,2024,77,23,77.95833333,1.2,1.33,NA,0.997976,0.202024,0.332024,NA,-2.47735,1.265,0.267024
2024/3/18 0:00,0,17.325,17.715,42.9,35.9,2024,78,0,78,1.24,1.43,NA,0.990425,0.249575,0.439575,NA,-2.21449,1.335,0.344575
2024/3/18 1:00,0,17.175,17.655,42.9,35.9,2024,78,1,78.04166667,1.13,1.38,NA,1.095,0.035,0.285,NA,-4.4257,1.255,0.16
2024/3/18 2:00,0,16.985,17.575,42.9,35.9,2024,78,2,78.08333333,1.09,1.39,NA,1.03,0.06,0.36,NA,-1.28115,1.24,0.21
2024/3/18 3:00,0,16.77,17.495,42.9,35.9,2024,78,3,78.125,1.06517,1.36,NA,1.09957,-0.0344,0.26043,NA,0.787385,1.212585,0.113015
2024/3/18 4:00,0,16.53,17.405,42.9,35.9,2024,78,4,78.16666667,1.09248,1.34,NA,1.07,0.02248,0.27,NA,0.903075,1.21624,0.14624
2024/3/18 5:00,0,16.295,17.295,42.95,35.95,2024,78,5,78.20833333,1.02,1.29,NA,1.07,-0.05,0.22,NA,1.4889,1.155,0.085
2024/3/18 6:00,6.01,16.025,17.18,43,35.9,2024,78,6,78.25,0.917566,1.215,NA,1.12,-0.202434,0.095,NA,-0.005,1.066283,-0.053717
2024/3/18 7:00,295.9,15.72,17.05,43,35.9,2024,78,7,78.29166667,0.976623,1.22,NA,1.08,-0.103377,0.14,NA,2.2498,1.0983115,0.0183115
2024/3/18 8:00,694.25,15.43,16.905,43,36,2024,78,8,78.33333333,0.93,1.23,NA,1.1,-0.17,0.13,NA,6.0011,1.08,-0.02
2024/3/18 9:00,1036.5,15.27,16.745,43,36,2024,78,9,78.375,0.99,1.27,NA,1.19,-0.2,0.08,NA,10.5617,1.13,-0.06
2024/3/18 10:00,1240,15.27,16.615,43,36,2024,78,10,78.41666667,1.15,1.32,NA,1.27,-0.12,0.05,NA,11.3985,1.235,-0.035
2024/3/18 11:00,1357.5,15.64,16.515,42.9,36,2024,78,11,78.45833333,1.19,1.39,NA,1.41,-0.22,-0.02,NA,13.7915,1.29,-0.12
2024/3/18 12:00,1426.5,16.1,16.485,42.85,36,2024,78,12,78.5,1.67,1.64,NA,1.75,-0.08,-0.11,NA,16.519,1.655,-0.095
2024/3/18 13:00,1482,16.375,16.53,42.8,36,2024,78,13,78.54166667,1.3,1.53,NA,1.54,-0.24,-0.01,NA,14.579,1.415,-0.125
2024/3/18 14:00,1268.5,16.745,16.615,42.75,35.9,2024,78,14,78.58333333,1.35,1.67,NA,1.62,-0.27,0.05,NA,15.524,1.51,-0.11
2024/3/18 15:00,962,17.045,16.715,42.7,35.9,2024,78,15,78.625,1.34,1.6,NA,1.59,-0.25,0.01,NA,14.0425,1.47,-0.12
2024/3/18 16:00,619.85,17.185,16.83,42.7,35.9,2024,78,16,78.66666667,1.41,1.62,NA,1.39,0.02,0.23,NA,12.144,1.515,0.125
2024/3/18 17:00,274.15,17.09,16.93,42.7,35.9,2024,78,17,78.70833333,1.29,1.61,NA,1.43539,-0.14539,0.17461,NA,11.285,1.45,0.01461
2024/3/18 18:00,13.13,16.845,16.99,42.8,35.9,2024,78,18,78.75,1.35,NA,NA,1.37,-0.02,NA,NA,6.9135,1.35,-0.02
2024/3/18 19:00,0,16.525,17.005,42.8,35.9,2024,78,19,78.79166667,1.27,1.47,NA,1.4,-0.13,0.07,NA,0.6467545,1.37,-0.03
2024/3/18 20:00,0,16.15,16.96,42.8,35.9,2024,78,20,78.83333333,NA,1.35,NA,1.35,NA,0,NA,1.2196,1.35,0
2024/3/18 21:00,0,15.76,16.87,42.9,35.9,2024,78,21,78.875,1.09,1.27,NA,1.33,-0.24,-0.06,NA,1.21277,1.18,-0.15
2024/3/18 22:00,0,15.39,16.74,42.9,35.9,2024,78,22,78.91666667,NA,1.29,NA,1.19,NA,0.1,NA,1.3594,1.29,0.1
2024/3/18 23:00,0,15.01,16.595,42.9,35.9,2024,78,23,78.95833333,1.01,1.18,NA,1.14,-0.13,0.04,NA,0.827715,1.095,-0.045
2024/3/19 0:00,0,14.635,16.43,43,35.9,2024,79,0,79,0.93,1.18,NA,1.06,-0.13,0.12,NA,-0.4981,1.055,-0.005
2024/3/19 1:00,0,14.27,16.25,43,35.9,2024,79,1,79.04166667,0.91,1.17,NA,1.06,-0.15,0.11,NA,-0.721005,1.04,-0.02
2024/3/19 2:00,0,13.905,16.05,43.05,35.9,2024,79,2,79.08333333,0.96,1.11,NA,NA,NA,NA,NA,-0.57102,1.035,NA
2024/3/19 3:00,0,13.55,15.85,43.1,35.9,2024,79,3,79.125,NA,1.07,NA,0.96,NA,0.11,NA,0.020755,1.07,0.11
2024/3/19 4:00,0,13.2,15.64,43.1,36,2024,79,4,79.16666667,0.82,1.12,NA,0.94,-0.12,0.18,NA,-0.039165,0.97,0.03
2024/3/19 5:00,0,12.87,15.43,43.1,36,2024,79,5,79.20833333,0.82326,1.03,NA,0.86,-0.03674,0.17,NA,0.76905,0.92663,0.06663
2024/3/19 6:00,5.26,12.545,15.215,43.2,36,2024,79,6,79.25,0.78,1.09,NA,0.85,-0.07,0.24,NA,1.5492,0.935,0.085
2024/3/19 7:00,291.2,12.245,15.005,43.2,36,2024,79,7,79.29166667,0.77,1.03,NA,0.84,-0.07,0.19,NA,6.4944,0.9,0.06
2024/3/19 8:00,715.2,12.02,14.795,43.2,36.05,2024,79,8,79.33333333,0.8,1,NA,0.87,-0.07,0.13,NA,7.449,0.9,0.03
2024/3/19 9:00,1073.5,11.99,14.59,43.2,36.1,2024,79,9,79.375,0.79,1.09,NA,0.9,-0.11,0.19,NA,5.4743,0.94,0.04
2024/3/19 10:00,1359,12.18,14.43,43.15,36.1,2024,79,10,79.41666667,0.94,1.17,NA,0.880367,0.059633,0.289633,NA,8.3469,1.055,0.174633
2024/3/19 11:00,1490,12.92,14.33,43,36.1,2024,79,11,79.45833333,1.08,1.6,NA,1.33,-0.25,0.27,NA,14.1075,1.34,0.01
2024/3/19 12:00,1618,13.705,14.355,42.95,36.1,2024,79,12,79.5,1.4,1.41,NA,1.4,0,0.01,NA,14.48,1.405,0.005
2024/3/19 13:00,1496.5,14.225,14.475,42.9,36.05,2024,79,13,79.54166667,1.16,1.54,NA,1.33,-0.17,0.21,NA,13.724,1.35,0.02
2024/3/19 14:00,1396,14.895,14.645,42.8,36,2024,79,14,79.58333333,1.4,1.57,NA,1.29,0.11,0.28,NA,12.144,1.485,0.195
2024/3/19 15:00,1087,15.485,14.86,42.7,36,2024,79,15,79.625,1.31,1.54,NA,1.36,-0.05,0.18,NA,12.7875,1.425,0.065
2024/3/19 16:00,663.7,15.865,15.09,42.7,35.9,2024,79,16,79.66666667,1.25,1.54,NA,1.28,-0.03,0.26,NA,11.836,1.395,0.115
2024/3/19 17:00,262.75,15.975,15.31,42.7,35.9,2024,79,17,79.70833333,1.34,1.65,NA,1.31,0.03,0.34,NA,10.1292,1.495,0.185
2024/3/19 18:00,23.625,15.91,15.495,42.7,35.9,2024,79,18,79.75,1.34368,1.55,NA,1.28,0.06368,0.27,NA,6.7532,1.44684,0.16684
2024/3/19 19:00,0,15.71,15.61,42.8,35.9,2024,79,19,79.79166667,1.21376,1.53,NA,1.19591,0.01785,0.33409,NA,0.93971,1.37188,0.17597
2024/3/19 20:00,0,15.475,15.67,42.8,35.9,2024,79,20,79.83333333,1.2879,1.53,NA,1.05342,0.23448,0.47658,NA,1.34395,1.40895,0.35553
2024/3/19 21:00,0,15.21,15.68,42.85,35.9,2024,79,21,79.875,NA,1.47,NA,1.04,NA,0.43,NA,0.753765,1.47,0.43
2024/3/19 22:00,0,14.93,15.645,42.85,35.9,2024,79,22,79.91666667,1.11,1.38,NA,1.01,0.1,0.37,NA,-0.13593,1.245,0.235
2024/3/19 23:00,0,14.64,15.585,42.9,35.9,2024,79,23,79.95833333,1.08,1.29,NA,1.03664,0.04336,0.25336,NA,-0.47011,1.185,0.14836
2024/3/20 0:00,0,14.36,15.505,42.9,35.9,2024,80,0,80,0.99,1.39,NA,0.97,0.02,0.42,NA,0.67602,1.19,0.22
2024/3/20 1:00,0,14.11,15.4,42.9,35.9,2024,80,1,80.04166667,1.03,1.33,NA,0.928313,0.101687,0.401687,NA,-0.07124,1.18,0.251687
2024/3/20 2:00,0,13.9,15.285,42.9,35.9,2024,80,2,80.08333333,1.05,1.32,NA,0.961115,0.088885,0.358885,NA,0.023309,1.185,0.223885
2024/3/20 3:00,0,13.71,15.17,43,35.9,2024,80,3,80.125,0.96,1.24,NA,0.91737,0.04263,0.32263,NA,-1.291115,1.1,0.18263
2024/3/20 4:00,0,13.53,15.05,43,35.9,2024,80,4,80.16666667,0.93,1.23,NA,0.87,0.06,0.36,NA,0.228365,1.08,0.21
2024/3/20 5:00,0,13.35,14.94,43,35.9,2024,80,5,80.20833333,0.96,1.21,NA,0.87,0.09,0.34,NA,0.0638575,1.085,0.215
2024/3/20 6:00,0,13.17,14.82,43,35.95,2024,80,6,80.25,0.94,1.17,NA,0.89,0.05,0.28,NA,-3.07625,1.055,0.165
2024/3/20 7:00,90.51,13.045,14.71,43,36,2024,80,7,80.29166667,1.01,1.26,NA,0.86,0.15,0.4,NA,-1.4231,1.135,0.275
2024/3/20 8:00,282.4,13.025,14.6,43,36,2024,80,8,80.33333333,0.91,1.31,NA,0.94,-0.03,0.37,NA,0.26005,1.11,0.17
2024/3/20 9:00,341.25,13.11,14.51,43,36,2024,80,9,80.375,1.04,1.36,NA,1,0.04,0.36,NA,4.43055,1.2,0.2
2024/3/20 10:00,589.55,13.305,14.45,43,36,2024,80,10,80.41666667,1.07,1.41,NA,1.00046,0.06954,0.40954,NA,6.59945,1.24,0.23954
2024/3/20 11:00,816.75,13.59,14.42,42.9,36,2024,80,11,80.45833333,1.22478,1.43,NA,NA,NA,NA,NA,19.0425,1.32739,NA
2024/3/20 12:00,791.6,14.005,14.445,42.9,36,2024,80,12,80.5,1.31,1.59,NA,1.11,0.2,0.48,NA,10.2019,1.45,0.34
2024/3/20 13:00,723.75,14.47,14.515,42.8,36,2024,80,13,80.54166667,1.37,1.6,NA,1.13,0.24,0.47,NA,18.08,1.485,0.355
2024/3/20 14:00,532.45,14.9,14.63,42.8,35.95,2024,80,14,80.58333333,1.39,1.69,NA,1.22,0.17,0.47,NA,14.851,1.54,0.32
2024/3/20 15:00,370.1,15.25,14.77,42.7,35.9,2024,80,15,80.625,1.405,1.74,NA,1.26,0.145,0.48,NA,13.438,1.5725,0.3125
2024/3/20 16:00,237.05,15.495,14.925,42.7,35.9,2024,80,16,80.66666667,1.4,1.75,NA,1.41,-0.01,0.34,NA,11.0371,1.575,0.165
2024/3/20 17:00,81.76,15.655,15.075,42.7,35.9,2024,80,17,80.70833333,1.6,1.825,NA,1.42,0.18,0.405,NA,6.32475,1.7125,0.2925
2024/3/20 18:00,0,15.72,15.205,42.7,35.9,2024,80,18,80.75,1.45,1.92,NA,1.36,0.09,0.56,NA,2.345815,1.685,0.325
2024/3/20 19:00,0,15.72,15.315,42.7,35.9,2024,80,19,80.79166667,1.48,NA,NA,1.20203,0.27797,NA,NA,-0.05961,1.48,0.27797
2024/3/20 20:00,0,15.67,15.4,42.7,35.85,2024,80,20,80.83333333,1.4614,1.73,NA,1.16926,0.29214,0.56074,NA,0.0289176,1.5957,0.42644
2024/3/20 21:00,0,15.6,15.46,42.7,35.8,2024,80,21,80.875,1.3247,1.71,NA,1.23,0.0947,0.48,NA,0.035917,1.51735,0.28735
2024/3/20 22:00,0,15.485,15.49,42.7,35.8,2024,80,22,80.91666667,1.34,1.73,NA,1.27,0.07,0.46,NA,0.073898,1.535,0.265
2024/3/20 23:00,0,15.395,15.505,42.75,35.8,2024,80,23,80.95833333,1.35,1.9,NA,1.18,0.17,0.72,NA,0.097766,1.625,0.445
2024/3/21 0:00,0,15.32,15.51,42.8,35.8,2024,81,0,81,NA,1.8,NA,1.20268,NA,0.59732,NA,-2.876405,1.8,0.59732
2024/3/21 1:00,0,15.27,15.5,42.8,35.8,2024,81,1,81.04166667,1.47,1.72,NA,NA,NA,NA,NA,0.348166,1.595,NA
2024/3/21 2:00,0,15.225,15.485,42.8,35.8,2024,81,2,81.08333333,1.39,1.7,NA,NA,NA,NA,NA,0.682215,1.545,NA
2024/3/21 3:00,0,15.18,15.47,42.8,35.8,2024,81,3,81.125,1.37,1.83,NA,1.18,0.19,0.65,NA,-0.0736515,1.6,0.42
2024/3/21 4:00,0,15.14,15.455,42.8,35.8,2024,81,4,81.16666667,1.37,1.74,NA,1.22,0.15,0.52,NA,-0.024701,1.555,0.335
2024/3/21 5:00,0,15.105,15.44,42.8,35.85,2024,81,5,81.20833333,1.26,1.68959,NA,1.15,0.11,0.53959,NA,0.002722,1.474795,0.324795
2024/3/21 6:00,0,15.055,15.43,42.85,35.9,2024,81,6,81.25,1.03,1.38,NA,0.89,0.14,0.49,NA,0.109974,1.205,0.315
2024/3/21 7:00,30.415,14.97,15.4,43.15,36.15,2024,81,7,81.29166667,1.10756,0.96,NA,0.631377,0.476183,0.328623,NA,-4.563355,1.03378,0.402403
2024/3/21 8:00,260.25,14.865,15.375,43.1,36.1,2024,81,8,81.33333333,1.07,1.28,NA,0.87,0.2,0.41,NA,-6.3424,1.175,0.305
2024/3/21 9:00,338.9,14.85,15.34,43.1,36.1,2024,81,9,81.375,1.09,1.42,NA,0.97,0.12,0.45,NA,-2.18945,1.255,0.285
2024/3/21 10:00,297.2,14.955,15.32,43,36.1,2024,81,10,81.41666667,1.16,1.45,NA,1.01432,0.14568,0.43568,NA,5.7008,1.305,0.29068
2024/3/21 11:00,366.6,15.095,15.31,43,36.1,2024,81,11,81.45833333,1.25,1.51,NA,1.05,0.2,0.46,NA,7.49285,1.38,0.33
2024/3/21 12:00,324.6,15.255,15.33,43.1,36.1,2024,81,12,81.5,1.2,1.44,NA,1.05,0.15,0.39,NA,9.1533,1.32,0.27
2024/3/21 13:00,342.95,15.41,15.355,43.1,36.1,2024,81,13,81.54166667,1.17,1.46,NA,1.07,0.1,0.39,NA,7.4505,1.315,0.245
2024/3/21 14:00,168.5,15.57,15.405,43.1,36.1,2024,81,14,81.58333333,1.27,1.65,NA,1.13,0.14,0.52,NA,7.69315,1.46,0.33
2024/3/21 15:00,223.65,15.675,15.465,43.1,36.1,2024,81,15,81.625,1.29,1.44,NA,1.14,0.15,0.3,NA,4.61245,1.365,0.225
2024/3/21 16:00,119.35,15.75,15.515,43.1,36.1,2024,81,16,81.66666667,1.12,1.49,NA,1.2,-0.08,0.29,NA,7.44435,1.305,0.105
2024/3/21 17:00,11.255,15.77,15.58,43.1,36.1,2024,81,17,81.70833333,1.21,1.51,NA,1.09,0.12,0.42,NA,3.2613,1.36,0.27
2024/3/21 18:00,0,15.74,15.62,43.15,36.1,2024,81,18,81.75,1.18,1.24421,NA,0.87,0.31,0.37421,NA,3.3715,1.212105,0.342105
2024/3/21 19:00,0,15.665,15.645,43.4,36.25,2024,81,19,81.79166667,NA,NA,NA,NA,NA,NA,NA,0.644425,NA,NA
2024/3/21 20:00,0,15.55,15.66,43.65,36.3,2024,81,20,81.83333333,0.67,0.64,NA,NA,NA,NA,NA,0.68633,0.655,NA
2024/3/21 21:00,0,15.425,15.655,43.5,36.3,2024,81,21,81.875,0.74,0.75,NA,NA,NA,NA,NA,0.62196,0.745,NA
2024/3/21 22:00,0,15.315,15.635,43.5,36.3,2024,81,22,81.91666667,0.83,0.77,NA,NA,NA,NA,NA,-1.4842105,0.8,NA
2024/3/21 23:00,0,15.2,15.6,43.65,36.35,2024,81,23,81.95833333,0.78,NA,NA,0.638095,0.141905,NA,NA,0.251035,0.78,0.141905
2024/3/22 0:00,0,15.07,15.56,43.9,36.4,2024,82,0,82,NA,NA,NA,NA,NA,NA,NA,2.0064,NA,NA
2024/3/22 1:00,0,14.97,15.505,43.9,36.4,2024,82,1,82.04166667,NA,NA,NA,NA,NA,NA,NA,2.80285,NA,NA
2024/3/22 2:00,0,14.885,15.455,43.9,36.4,2024,82,2,82.08333333,NA,0.55,NA,NA,NA,NA,NA,-0.918802,0.55,NA
2024/3/22 3:00,0,14.835,15.41,43.85,36.4,2024,82,3,82.125,NA,0.6,NA,NA,NA,NA,NA,-2.557302,0.6,NA
2024/3/22 4:00,0,14.78,15.36,43.75,36.4,2024,82,4,82.16666667,NA,0.65,NA,NA,NA,NA,NA,-2.7528,0.65,NA
2024/3/22 5:00,0,14.745,15.32,43.7,36.4,2024,82,5,82.20833333,0.62,NA,NA,NA,NA,NA,NA,0.28739,0.62,NA
2024/3/22 6:00,0,14.72,15.28,43.7,36.4,2024,82,6,82.25,NA,0.79,NA,NA,NA,NA,NA,0.8665,0.79,NA
2024/3/22 7:00,123.095,14.695,15.25,43.65,36.4,2024,82,7,82.29166667,0.71,0.81,NA,NA,NA,NA,NA,0.46574,0.76,NA
2024/3/22 8:00,148.25,14.715,15.22,43.6,36.4,2024,82,8,82.33333333,0.73,0.889735,NA,NA,NA,NA,NA,1.61015,0.8098675,NA
2024/3/22 9:00,193.25,14.785,15.195,43.6,36.3,2024,82,9,82.375,0.7,0.85,NA,0.55,0.15,0.3,NA,4.23145,0.775,0.225
2024/3/22 10:00,234.15,14.875,15.19,43.6,36.3,2024,82,10,82.41666667,0.79,0.99,NA,NA,NA,NA,NA,3.68025,0.89,NA
2024/3/22 11:00,314.8,15.015,15.195,43.5,36.3,2024,82,11,82.45833333,0.805962,0.96,NA,NA,NA,NA,NA,6.42775,0.882981,NA
2024/3/22 12:00,609.75,15.175,15.22,43.5,36.3,2024,82,12,82.5,0.88,1.04,NA,0.62,0.26,0.42,NA,7.4407,0.96,0.34
2024/3/22 13:00,441.2,15.455,15.26,43.4,36.3,2024,82,13,82.54166667,0.95,1.12,NA,0.67,0.28,0.45,NA,12.5645,1.035,0.365
2024/3/22 14:00,299.05,15.755,15.33,43.4,36.3,2024,82,14,82.58333333,0.98,NA,NA,NA,NA,NA,NA,10.37115,0.98,NA
2024/3/22 15:00,454.75,15.935,15.42,43.4,36.3,2024,82,15,82.625,0.894826,1.14,NA,0.63,0.264826,0.51,NA,10.262,1.017413,0.387413
2024/3/22 16:00,294.55,16.09,15.525,43.35,36.2,2024,82,16,82.66666667,1.01,1.09,NA,0.66,0.35,0.43,NA,9.88535,1.05,0.39
2024/3/22 17:00,155.7,16.15,15.62,43.3,36.2,2024,82,17,82.70833333,0.89,1.06,NA,0.719606,0.170394,0.340394,NA,6.3592,0.975,0.255394
2024/3/22 18:00,22.14,16.055,15.7,43.4,36.2,2024,82,18,82.75,NA,1.14,NA,0.72,NA,0.42,NA,3.4695,1.14,0.42
2024/3/22 19:00,0,15.875,15.755,43.4,36.2,2024,82,19,82.79166667,0.87,NA,NA,0.711262,0.158738,NA,NA,1.59345,0.87,0.158738
2024/3/22 20:00,0,15.635,15.765,43.4,36.2,2024,82,20,82.83333333,NA,1,NA,0.74,NA,0.26,NA,2.06435,1,0.26
2024/3/22 21:00,0,15.36,15.745,43.4,36.2,2024,82,21,82.875,0.836039,1.01,NA,0.78,0.056039,0.23,NA,0.150885,0.9230195,0.1430195
2024/3/22 22:00,0,15.11,15.69,43.4,36.2,2024,82,22,82.91666667,0.89,NA,NA,0.75,0.14,NA,NA,1.57065,0.89,0.14
2024/3/22 23:00,0,14.865,15.62,43.4,36.2,2024,82,23,82.95833333,0.930895,0.97,NA,0.7974075,0.1334875,0.1725925,NA,0.72939,0.9504475,0.15304
2024/3/23 0:00,0,14.655,15.535,43.5,36.2,2024,83,0,83,0.86,0.921123,NA,0.89,-0.03,0.031123,NA,0.36419,0.8905615,0.0005615
2024/3/23 1:00,0,14.455,15.44,43.5,36.2,2024,83,1,83.04166667,0.88,0.91,NA,0.87,0.01,0.04,NA,-0.66664,0.895,0.025
2024/3/23 2:00,0,14.28,15.335,43.5,36.3,2024,83,2,83.08333333,0.81,0.91,NA,NA,NA,NA,NA,-0.545475,0.86,NA
2024/3/23 3:00,0,14.12,15.235,43.5,36.3,2024,83,3,83.125,0.756293,0.95,NA,0.94,-0.183707,0.01,NA,-1.163535,0.8531465,-0.0868535
2024/3/23 4:00,0,13.975,15.135,43.5,36.3,2024,83,4,83.16666667,0.847896,0.960454,NA,0.956053,-0.108157,0.004401,NA,0.9706055,0.904175,-0.051878
2024/3/23 5:00,0,13.845,15.035,43.5,36.3,2024,83,5,83.20833333,NA,NA,NA,0.95758,NA,NA,NA,2.09235,NA,NA
2024/3/23 6:00,26.285,13.72,14.94,43.5,36.3,2024,83,6,83.25,0.91,0.974502,NA,1.005,-0.095,-0.030498,NA,1.7881,0.942251,-0.062749
2024/3/23 7:00,314.6,13.61,14.85,43.5,36.3,2024,83,7,83.29166667,0.877507,0.917204,NA,1.03,-0.152493,-0.112796,NA,2.67135,0.8973555,-0.1326445
2024/3/23 8:00,691.05,13.56,14.76,43.5,36.3,2024,83,8,83.33333333,0.941115,1.02,NA,1.11,-0.168885,-0.09,NA,6.12105,0.9805575,-0.1294425
2024/3/23 9:00,986.5,13.675,14.685,43.5,36.3,2024,83,9,83.375,0.97,1.19,NA,1.15,-0.18,0.04,NA,9.50825,1.08,-0.07
2024/3/23 10:00,1403.5,13.995,14.635,43.4,36.3,2024,83,10,83.41666667,1.04,1.17,NA,1.16,-0.12,0.01,NA,13.4235,1.105,-0.055
2024/3/23 11:00,1440,14.835,14.655,43.25,36.3,2024,83,11,83.45833333,1.27,1.36,NA,1.46853,-0.19853,-0.10853,NA,16.2525,1.315,-0.15353
2024/3/23 12:00,1482,15.72,14.79,43.2,36.3,2024,83,12,83.5,1.77,1.74,NA,1.88,-0.11,-0.14,NA,15.991,1.755,-0.125
2024/3/23 13:00,1335.5,16.39,15.015,43.1,36.2,2024,83,13,83.54166667,1.49,1.58,NA,1.73,-0.24,-0.15,NA,19.1405,1.535,-0.195
2024/3/23 14:00,964.5,17.13,15.285,43,36.15,2024,83,14,83.58333333,1.44,1.56,NA,1.75,-0.31,-0.19,NA,13.212,1.5,-0.25
2024/3/23 15:00,688,17.635,15.59,43,36.1,2024,83,15,83.625,1.67,1.64,NA,1.7,-0.03,-0.06,NA,14.55,1.655,-0.045
2024/3/23 16:00,300.55,17.985,15.905,43,36.1,2024,83,16,83.66666667,1.66,1.77,NA,1.94,-0.28,-0.17,NA,10.6851,1.715,-0.225
2024/3/23 17:00,230.1,18.045,16.175,43,36,2024,83,17,83.70833333,1.6,1.64,NA,1.62108,-0.02108,0.01892,NA,9.9469,1.62,-0.00108
2024/3/23 18:00,7.87,17.925,16.4,43,36,2024,83,18,83.75,1.52,1.57,NA,1.64,-0.12,-0.07,NA,2.43565,1.545,-0.095
2024/3/23 19:00,0,17.72,16.55,43,36,2024,83,19,83.79166667,1.51,1.51,NA,NA,NA,NA,NA,1.407,1.51,NA
2024/3/23 20:00,0,17.465,16.635,43,36,2024,83,20,83.83333333,NA,1.44,NA,NA,NA,NA,NA,1.1286,1.44,NA
2024/3/23 21:00,0,17.2,16.67,43.1,36,2024,83,21,83.875,1.28,1.36,NA,1.45,-0.17,-0.09,NA,0.16068,1.32,-0.13
2024/3/23 22:00,0,16.95,16.66,43.1,36,2024,83,22,83.91666667,1.3,1.36,NA,1.45,-0.15,-0.09,NA,-0.534825,1.33,-0.12
2024/3/23 23:00,0,16.71,16.625,43.1,36,2024,83,23,83.95833333,1.13,1.35,NA,1.53,-0.4,-0.18,NA,0.5216875,1.24,-0.29
2024/3/24 0:00,0,16.495,16.57,43.1,36,2024,84,0,84,1.29,1.33,NA,1.38,-0.09,-0.05,NA,-1.717155,1.31,-0.07
2024/3/24 1:00,0,16.28,16.51,43.1,36,2024,84,1,84.04166667,1.20855,NA,NA,1.33,-0.12145,NA,NA,-2.0465,1.20855,-0.12145
2024/3/24 2:00,0,16.07,16.43,43.1,36,2024,84,2,84.08333333,1.05667,1.21,NA,1.34,-0.28333,-0.13,NA,-1.27956,1.133335,-0.206665
2024/3/24 3:00,0,15.87,16.35,43.2,36,2024,84,3,84.125,1.12,1.23,NA,1.26,-0.14,-0.03,NA,-1.58565,1.175,-0.085
2024/3/24 4:00,0,15.66,16.255,43.2,36,2024,84,4,84.16666667,1.04,1.27,NA,1.16,-0.12,0.11,NA,-0.62439,1.155,-0.005
2024/3/24 5:00,0,15.465,16.16,43.2,36,2024,84,5,84.20833333,1.01901,1.26,NA,1.23,-0.21099,0.03,NA,-0.395985,1.139505,-0.090495
2024/3/24 6:00,0,15.26,16.065,43.2,36,2024,84,6,84.25,1.01,1.13,NA,1.15,-0.14,-0.02,NA,0.95413,1.07,-0.08
2024/3/24 7:00,113.05,15.07,15.965,43.2,36,2024,84,7,84.29166667,1,1.17,NA,1.12,-0.12,0.05,NA,1.6484,1.085,-0.035
2024/3/24 8:00,270.35,14.915,15.855,43.2,36,2024,84,8,84.33333333,1.04,1.22,NA,1.11,-0.07,0.11,NA,3.50145,1.13,0.02
2024/3/24 9:00,528.2,14.84,15.755,43.2,36,2024,84,9,84.375,1.07,1.3,NA,1.13,-0.06,0.17,NA,8.4192,1.185,0.055
2024/3/24 10:00,435.65,14.91,15.66,43.2,36,2024,84,10,84.41666667,1.14,1.31,NA,1.2,-0.06,0.11,NA,11.66295,1.225,0.025
2024/3/24 11:00,582,15.06,15.61,43.2,36,2024,84,11,84.45833333,1.17,1.31,NA,1.2,-0.03,0.11,NA,9.8107,1.24,0.04
2024/3/24 12:00,487.8,15.26,15.58,43.1,36,2024,84,12,84.5,1.22,1.38,NA,1.15,0.07,0.23,NA,11.306,1.3,0.15
2024/3/24 13:00,568.1,15.52,15.59,43.1,36,2024,84,13,84.54166667,1.22,1.38,NA,1.28,-0.06,0.1,NA,13.38215,1.3,0.02
2024/3/24 14:00,560.15,15.795,15.625,43.1,36,2024,84,14,84.58333333,1.21,1.48,NA,1.14,0.07,0.34,NA,10.27485,1.345,0.205
2024/3/24 15:00,420.1,16.085,15.695,43,36,2024,84,15,84.625,1.36978,1.53,NA,1.32,0.04978,0.21,NA,9.4818,1.44989,0.12989
2024/3/24 16:00,371.25,16.365,15.785,43,36,2024,84,16,84.66666667,1.29,1.55,NA,1.31,-0.02,0.24,NA,9.5611,1.42,0.11
2024/3/24 17:00,120,16.58,15.89,43,35.9,2024,84,17,84.70833333,1.31,1.53,NA,1.35,-0.04,0.18,NA,9.03325,1.42,0.07
2024/3/24 18:00,9,16.68,16.005,43,35.9,2024,84,18,84.75,1.21,1.51,NA,1.42,-0.21,0.09,NA,3.45055,1.36,-0.06
2024/3/24 19:00,0,16.67,16.095,43,35.9,2024,84,19,84.79166667,1.44,1.61,NA,1.54,-0.1,0.07,NA,0.478585,1.525,-0.015
2024/3/24 20:00,0,16.615,16.16,43,35.9,2024,84,20,84.83333333,1.2,1.48,NA,1.46,-0.26,0.02,NA,-0.29919,1.34,-0.12
2024/3/24 21:00,0,16.57,16.215,43,35.9,2024,84,21,84.875,1.34,1.41,NA,1.49,-0.15,-0.08,NA,-0.262195,1.375,-0.115
2024/3/24 22:00,0,16.54,16.25,43,35.9,2024,84,22,84.91666667,1.32,1.43,NA,1.49,-0.17,-0.06,NA,0.51539,1.375,-0.115
2024/3/24 23:00,0,16.525,16.265,43,35.9,2024,84,23,84.95833333,1.28,1.6,NA,1.46,-0.18,0.14,NA,0.226655,1.44,-0.02
2024/3/25 0:00,0,16.51,16.28,43,35.9,2024,85,0,85,1.27,1.56,NA,1.55,-0.28,0.01,NA,-0.115515,1.415,-0.135
2024/3/25 1:00,0,16.525,16.29,43,35.9,2024,85,1,85.04166667,1.35,1.63,NA,1.36,-0.01,0.27,NA,-0.81315,1.49,0.13
2024/3/25 2:00,0,16.545,16.305,43,35.9,2024,85,2,85.08333333,1.34,1.62,NA,1.54,-0.2,0.08,NA,0.622125,1.48,-0.06
2024/3/25 3:00,0,16.59,16.32,43,35.9,2024,85,3,85.125,1.44,1.7,NA,NA,NA,NA,NA,0.8866,1.57,NA
2024/3/25 4:00,0,16.615,16.335,43,35.9,2024,85,4,85.16666667,1.68988,2.17703,NA,NA,NA,NA,NA,1.360475,1.933455,NA
2024/3/25 5:00,0,16.62,16.355,43,35.9,2024,85,5,85.20833333,1.67,2.01,NA,1.34,0.33,0.67,NA,0.543625,1.84,0.5
2024/3/25 6:00,0,16.625,16.375,43,35.9,2024,85,6,85.25,1.54,1.7,NA,NA,NA,NA,NA,0.7977,1.62,NA
2024/3/25 7:00,136.2,16.615,16.385,43,35.9,2024,85,7,85.29166667,1.44,1.73,NA,1.32116,0.11884,0.40884,NA,0.510985,1.585,0.26384
2024/3/25 8:00,223.25,16.67,16.395,43,35.9,2024,85,8,85.33333333,1.37066,1.68284,NA,1.47,-0.09934,0.21284,NA,3.1164,1.52675,0.05675
2024/3/25 9:00,118.935,16.805,16.42,43,35.9,2024,85,9,85.375,1.48,1.74,NA,1.44,0.04,0.3,NA,2.2886,1.61,0.17
2024/3/25 10:00,183.85,16.96,16.455,43.5,36.2,2024,85,10,85.41666667,1.29841,0.900116,NA,0.91573,0.38268,-0.015614,NA,2.8711,1.099263,0.183533
2024/3/25 11:00,281.55,16.87,16.505,43.6,36.2,2024,85,11,85.45833333,0.955631,0.8,NA,NA,NA,NA,NA,1.23168,0.8778155,NA
2024/3/25 12:00,481.35,16.715,16.535,43.55,36.2,2024,85,12,85.5,1.0486,0.86,NA,0.61,0.4386,0.25,NA,4.17955,0.9543,0.3443
2024/3/25 13:00,871.85,16.67,16.54,43.4,36.15,2024,85,13,85.54166667,1.097755,0.96,NA,0.68,0.417755,0.28,NA,6.42575,1.0288775,0.3488775
2024/3/25 14:00,1148,16.805,16.53,43.4,36.1,2024,85,14,85.58333333,1.27933,1.16,NA,0.86,0.41933,0.3,NA,13.5495,1.219665,0.359665
2024/3/25 15:00,976.85,17.125,16.545,43.3,36.1,2024,85,15,85.625,1.13,1.275,NA,0.87,0.26,0.405,NA,12.9485,1.2025,0.3325
2024/3/25 16:00,623.2,17.475,16.6,43.25,36.1,2024,85,16,85.66666667,1.28133,1.36,NA,1.01,0.27133,0.35,NA,11.8565,1.320665,0.310665
2024/3/25 17:00,288.2,17.635,16.695,43.2,36.1,2024,85,17,85.70833333,1.25,1.38,NA,0.9,0.35,0.48,NA,11.171,1.315,0.415
2024/3/25 18:00,33.355,17.64,16.795,43.2,36.1,2024,85,18,85.75,1.14697,1.26,NA,0.92,0.22697,0.34,NA,7.59905,1.203485,0.283485
2024/3/25 19:00,0,17.475,16.87,43.25,36.1,2024,85,19,85.79166667,1.01,1.26,NA,0.862503,0.147497,0.397497,NA,2.473045,1.135,0.272497
2024/3/25 20:00,0,17.215,16.905,43.3,36.05,2024,85,20,85.83333333,0.930162,1.19696,NA,0.880363,0.049799,0.316597,NA,1.2778,1.063561,0.183198
2024/3/25 21:00,0,16.915,16.895,43.3,36.1,2024,85,21,85.875,0.98,NA,NA,0.9,0.08,NA,NA,0.58891,0.98,0.08
2024/3/25 22:00,0,16.605,16.85,43.3,36.1,2024,85,22,85.91666667,1.04,1.16,NA,0.93,0.11,0.23,NA,-8.04461,1.1,0.17
2024/3/25 23:00,0,16.3,16.77,43.4,36.1,2024,85,23,85.95833333,0.99,1.21,NA,0.930131,0.059869,0.279869,NA,0.1007,1.1,0.169869
2024/3/26 0:00,0,16.02,16.665,43.4,36.1,2024,86,0,86,0.858895,1.13,NA,0.940063,-0.081168,0.189937,NA,-2.770427,0.9944475,0.0543845
2024/3/26 1:00,0,15.725,16.56,43.4,36.1,2024,86,1,86.04166667,0.9,1.15,NA,0.96,-0.06,0.19,NA,-1.6968,1.025,0.065
2024/3/26 2:00,0,15.415,16.435,43.4,36.1,2024,86,2,86.08333333,0.86,1.08,NA,0.932966,-0.072966,0.147034,NA,-1.51261,0.97,0.037034
2024/3/26 3:00,0,15.09,16.3,43.45,36.1,2024,86,3,86.125,0.788584,0.980378,NA,0.968051,-0.179467,0.012327,NA,-0.8638,0.884481,-0.08357
2024/3/26 4:00,0,14.74,16.14,43.5,36.1,2024,86,4,86.16666667,0.792565,0.98,NA,0.89,-0.097435,0.09,NA,1.74425,0.8862825,-0.0037175
2024/3/26 5:00,0,14.365,15.985,43.5,36.15,2024,86,5,86.20833333,NA,1.03,NA,0.9,NA,0.13,NA,2.1277,1.03,0.13
2024/3/26 6:00,13.905,14.005,15.8,43.55,36.2,2024,86,6,86.25,0.72,0.97,NA,0.93,-0.21,0.04,NA,0.2895665,0.845,-0.085
2024/3/26 7:00,357.7,13.685,15.61,43.6,36.2,2024,86,7,86.29166667,0.78,0.98,NA,0.920561,-0.140561,0.059439,NA,1.17934,0.88,-0.040561
2024/3/26 8:00,772.5,13.41,15.42,43.6,36.25,2024,86,8,86.33333333,0.74,0.99,NA,0.91,-0.17,0.08,NA,4.2146,0.865,-0.045
2024/3/26 9:00,1074,13.27,15.23,43.6,36.3,2024,86,9,86.375,0.79,1.06,NA,0.9,-0.11,0.16,NA,11.8222,0.925,0.025
2024/3/26 10:00,1441,13.31,15.065,43.55,36.3,2024,86,10,86.41666667,0.824248,1.06,NA,0.95,-0.125752,0.11,NA,11.01205,0.942124,-0.007876
2024/3/26 11:00,1548.5,13.95,14.955,43.4,36.3,2024,86,11,86.45833333,1.05,1.34,NA,1.22,-0.17,0.12,NA,13.8475,1.195,-0.025
2024/3/26 12:00,1621,14.71,14.955,43.4,36.3,2024,86,12,86.5,1.29,1.53,NA,1.45,-0.16,0.08,NA,15.2805,1.41,-0.04
2024/3/26 13:00,1534.5,15.26,15.065,43.3,36.25,2024,86,13,86.54166667,1.24,1.47,NA,1.34,-0.1,0.13,NA,16.154,1.355,0.015
2024/3/26 14:00,1432,15.875,15.235,43.2,36.2,2024,86,14,86.58333333,1.29,1.59,NA,1.69,-0.4,-0.1,NA,15.7255,1.44,-0.25
2024/3/26 15:00,1108,16.345,15.435,43.2,36.15,2024,86,15,86.625,1.27293,1.43,NA,1.46,-0.18707,-0.03,NA,14.583,1.351465,-0.108535
2024/3/26 16:00,727.15,16.625,15.655,43.2,36.1,2024,86,16,86.66666667,1.19,1.4,NA,1.34,-0.15,0.06,NA,13.673,1.295,-0.045
2024/3/26 17:00,321.9,16.68,15.855,43.2,36.1,2024,86,17,86.70833333,1.18,1.47,NA,1.35,-0.17,0.12,NA,10.681,1.325,-0.025
2024/3/26 18:00,37.875,16.545,16.005,43.2,36.1,2024,86,18,86.75,1.14,NA,NA,1.35,-0.21,NA,NA,7.8467,1.14,-0.21
2024/3/26 19:00,0,16.275,16.09,43.2,36.1,2024,86,19,86.79166667,1.0515,1.32,NA,1.3,-0.2485,0.02,NA,1.0873635,1.18575,-0.11425
2024/3/26 20:00,0,15.925,16.12,43.3,36.1,2024,86,20,86.83333333,1,1.26,NA,1.18,-0.18,0.08,NA,2.5634,1.13,-0.05
2024/3/26 21:00,0,15.555,16.095,43.3,36.1,2024,86,21,86.875,1.03,NA,NA,1.2,-0.17,NA,NA,0.975595,1.03,-0.17
2024/3/26 22:00,0,15.175,16.01,43.35,36.1,2024,86,22,86.91666667,0.98,1.15,NA,1.13,-0.15,0.02,NA,0.187655,1.065,-0.065
2024/3/26 23:00,0,14.805,15.9,43.4,36.1,2024,86,23,86.95833333,0.93,1.14,NA,1.1,-0.17,0.04,NA,-0.429705,1.035,-0.065
2024/3/27 0:00,0,14.445,15.765,43.4,36.1,2024,87,0,87,0.88,1.06,NA,1,-0.12,0.06,NA,-0.198955,0.97,-0.03
2024/3/27 1:00,0,14.115,15.61,43.4,36.1,2024,87,1,87.04166667,0.84,1.05,NA,1.03131,-0.19131,0.01869,NA,-0.006588,0.945,-0.08631
2024/3/27 2:00,0,13.805,15.45,43.45,36.1,2024,87,2,87.08333333,0.873098,1.05,NA,0.95,-0.076902,0.1,NA,-0.46605,0.961549,0.011549
2024/3/27 3:00,0,13.51,15.285,43.5,36.1,2024,87,3,87.125,NA,1.09,NA,1.01,NA,0.08,NA,-0.384485,1.09,0.08
2024/3/27 4:00,0,13.26,15.115,43.5,36.2,2024,87,4,87.16666667,0.83,1.04118,NA,0.97,-0.14,0.07118,NA,-0.31774,0.93559,-0.03441
2024/3/27 5:00,0,13.055,14.955,43.5,36.2,2024,87,5,87.20833333,0.87,1.02,NA,0.94,-0.07,0.08,NA,-0.63275,0.945,0.005
2024/3/27 6:00,16.535,12.86,14.795,43.5,36.2,2024,87,6,87.25,0.798518,1.06,NA,0.88,-0.081482,0.18,NA,-0.78893,0.929259,0.049259
2024/3/27 7:00,251,12.685,14.635,43.6,36.3,2024,87,7,87.29166667,0.85,1.08,NA,0.866022,-0.016022,0.213978,NA,3.047385,0.965,0.098978
2024/3/27 8:00,763.4,12.585,14.495,43.6,36.3,2024,87,8,87.33333333,0.77,1.04,NA,0.9,-0.13,0.14,NA,4.09645,0.905,0.005
2024/3/27 9:00,724.3,12.655,14.36,43.55,36.3,2024,87,9,87.375,0.88,1.13,NA,0.89,-0.01,0.24,NA,4.07265,1.005,0.115
2024/3/27 10:00,1230.5,12.915,14.275,43.5,36.3,2024,87,10,87.41666667,0.94,1.14,NA,1,-0.06,0.14,NA,13.795,1.04,0.04
2024/3/27 11:00,1207.5,13.49,14.235,43.4,36.3,2024,87,11,87.45833333,1.09,1.24,NA,1.03,0.06,0.21,NA,12.76,1.165,0.135
2024/3/27 12:00,1209.5,14.18,14.295,43.3,36.3,2024,87,12,87.5,1.24,1.37,NA,1.14,0.1,0.23,NA,15.884,1.305,0.165
2024/3/27 13:00,1266.5,14.73,14.42,43.3,36.25,2024,87,13,87.54166667,1.16,1.46,NA,1.17,-0.01,0.29,NA,18.0045,1.31,0.14
2024/3/27 14:00,1049,15.26,14.6,43.2,36.2,2024,87,14,87.58333333,1.39,1.59,NA,1.33,0.06,0.26,NA,22.2315,1.49,0.16
2024/3/27 15:00,932.5,15.715,14.805,43.2,36.15,2024,87,15,87.625,1.27,1.63,NA,1.35,-0.08,0.28,NA,15.73,1.45,0.1
2024/3/27 16:00,709.55,15.995,15.03,43.2,36.1,2024,87,16,87.66666667,1.37,1.6,NA,1.39,-0.02,0.21,NA,14.772,1.485,0.095
2024/3/27 17:00,166.45,16.13,15.22,43.2,36.1,2024,87,17,87.70833333,1.35,1.68,NA,1.39,-0.04,0.29,NA,9.26645,1.515,0.125
2024/3/27 18:00,16.875,16.115,15.39,43.2,36.1,2024,87,18,87.75,1.23,NA,NA,1.4,-0.17,NA,NA,1.8769,1.23,-0.17
2024/3/27 19:00,0,15.99,15.51,43.2,36.1,2024,87,19,87.79166667,1.17,1.49,NA,1.27,-0.1,0.22,NA,0.404905,1.33,0.06
2024/3/27 20:00,0,15.78,15.59,43.2,36.1,2024,87,20,87.83333333,1.14881,1.46768,NA,1.18,-0.03119,0.28768,NA,0.206015,1.308245,0.128245
2024/3/27 21:00,0,15.54,15.615,43.25,36.1,2024,87,21,87.875,1.14559,1.45,NA,1.26,-0.11441,0.19,NA,0.045021425,1.297795,0.037795
2024/3/27 22:00,0,15.29,15.595,43.3,36.1,2024,87,22,87.91666667,1.13251,1.44,NA,1.06,0.07251,0.38,NA,0.0816005,1.286255,0.226255
2024/3/27 23:00,0,15.03,15.56,43.3,36.1,2024,87,23,87.95833333,1.05,1.38,NA,1.07,-0.02,0.31,NA,-0.015557,1.215,0.145
2024/3/28 0:00,0,14.77,15.49,43.3,36.1,2024,88,0,88,1.019735,1.31083,NA,0.997456,0.022279,0.313374,NA,0.038897,1.1652825,0.1678265
2024/3/28 1:00,0,14.485,15.41,43.4,36.1,2024,88,1,88.04166667,0.99,1.29656,NA,1,-0.01,0.29656,NA,-0.1356725,1.14328,0.14328
2024/3/28 2:00,0,14.205,15.305,43.4,36.1,2024,88,2,88.08333333,0.96,1.23624,NA,0.95,0.01,0.28624,NA,-0.382405,1.09812,0.14812
2024/3/28 3:00,0,13.925,15.19,43.4,36.1,2024,88,3,88.125,0.879809,1.23,NA,0.90293,-0.023121,0.32707,NA,-0.41628,1.0549045,0.1519745
2024/3/28 4:00,0,13.64,15.065,43.4,36.1,2024,88,4,88.16666667,0.87,1.18,NA,0.932318,-0.062318,0.247682,NA,-0.464085,1.025,0.092682
2024/3/28 5:00,0,13.37,14.925,43.5,36.1,2024,88,5,88.20833333,0.790548,1.16344,NA,0.845277,-0.054729,0.318163,NA,-0.36707,0.976994,0.131717
2024/3/28 6:00,19.535,13.11,14.785,43.5,36.2,2024,88,6,88.25,0.83848,1.19101,NA,0.85,-0.01152,0.34101,NA,0.578365,1.014745,0.164745
2024/3/28 7:00,389.35,12.875,14.64,43.5,36.2,2024,88,7,88.29166667,0.79,1.28,NA,0.875071,-0.085071,0.404929,NA,-2.80735,1.035,0.159929
2024/3/28 8:00,792.35,12.715,14.49,43.5,36.25,2024,88,8,88.33333333,0.889914,1.34863,NA,0.880881,0.009033,0.467749,NA,NA,1.119272,0.238391
2024/3/28 9:00,1086.5,12.79,14.355,43.5,36.3,2024,88,9,88.375,1.07255,1.42,NA,0.969497,0.103053,0.450503,NA,10.5271,1.246275,0.276778
2024/3/28 10:00,1446,13.11,14.255,43.45,36.3,2024,88,10,88.41666667,1.0528,1.4,NA,1.03896,0.01384,0.36104,NA,16.481,1.2264,0.18744
2024/3/28 11:00,1565.5,14.015,14.24,43.25,36.3,2024,88,11,88.45833333,1.31887,1.56861,NA,1.30638,0.01249,0.26223,NA,11.75,1.44374,0.13736
2024/3/28 12:00,1619,14.995,14.355,43.2,36.2,2024,88,12,88.5,1.96166,1.94,NA,1.84,0.12166,0.1,NA,13.209,1.95083,0.11083
2024/3/28 13:00,1579,15.715,14.58,43.15,36.15,2024,88,13,88.54166667,1.53,1.91,NA,1.58,-0.05,0.33,NA,15.6775,1.72,0.14
2024/3/28 14:00,1417,16.45,14.855,43.05,36.1,2024,88,14,88.58333333,2.03,2.01,NA,2.15,-0.12,-0.14,NA,16.3575,2.02,-0.13
2024/3/28 15:00,1120,16.995,15.17,43,36.1,2024,88,15,88.625,1.43273,1.93,NA,1.69,-0.25727,0.24,NA,13.4935,1.681365,-0.008635
2024/3/28 16:00,737.05,17.29,15.475,43,36,2024,88,16,88.66666667,1.77,2.07,NA,1.70762,0.06238,0.36238,NA,11.5,1.92,0.21238
2024/3/28 17:00,322.65,17.355,15.755,43,36,2024,88,17,88.70833333,1.46,1.96,NA,1.588,-0.128,0.372,NA,10.89155,1.71,0.122
2024/3/28 18:00,41.6,17.29,15.975,43,36,2024,88,18,88.75,1.52632,1.95,NA,1.58,-0.05368,0.37,NA,7.1853,1.73816,0.15816
2024/3/28 19:00,0,17.12,16.12,43.05,35.9,2024,88,19,88.79166667,1.34843,1.85,NA,1.43604,-0.08761,0.41396,NA,-0.440895,1.599215,0.163175
2024/3/28 20:00,0,16.88,16.215,43.1,35.9,2024,88,20,88.83333333,1.34,1.77692,NA,1.36747,-0.02747,0.40945,NA,0.21463,1.55846,0.19099
2024/3/28 21:00,0,16.595,16.245,43.1,35.9,2024,88,21,88.875,1.16,1.63846,NA,1.29695,-0.13695,0.34151,NA,0.18237,1.39923,0.10228
2024/3/28 22:00,0,16.305,16.245,43.1,35.9,2024,88,22,88.91666667,1.25,1.72753,NA,1.25,0,0.47753,NA,0.777095,1.488765,0.238765
2024/3/28 23:00,0,16,16.2,43.2,35.9,2024,88,23,88.95833333,1.26,1.7,NA,1.25092,0.00908,0.44908,NA,1.84335,1.48,0.22908
2024/3/29 0:00,0,15.76,16.14,43.2,35.9,2024,89,0,89,1.11,1.68,NA,1.1887,-0.0787,0.4913,NA,0.919395,1.395,0.2063
2024/3/29 1:00,0,15.53,16.05,43.2,36,2024,89,1,89.04166667,1.14058,1.54,NA,1.21,-0.06942,0.33,NA,-2.86645,1.34029,0.13029
2024/3/29 2:00,0,15.315,15.96,43.2,36,2024,89,2,89.08333333,1.12671,1.58,NA,1.14604,-0.01933,0.43396,NA,-0.32151,1.353355,0.207315
2024/3/29 3:00,0,15.105,15.865,43.2,36,2024,89,3,89.125,1.05841,1.54,NA,1.05109,0.00732,0.48891,NA,-1.14999,1.299205,0.248115
2024/3/29 4:00,0,14.91,15.765,43.3,36,2024,89,4,89.16666667,1.10883,1.48,NA,1.11,-0.00117,0.37,NA,-0.0810585,1.294415,0.184415
2024/3/29 5:00,0,14.725,15.655,43.3,36,2024,89,5,89.20833333,1.08668,1.52,NA,1.08091,0.00577,0.43909,NA,0.0989155,1.30334,0.22243
2024/3/29 6:00,32.29,14.555,15.555,43.3,36,2024,89,6,89.25,1.12,1.51,NA,1.06,0.06,0.45,NA,-0.365584,1.315,0.255
2024/3/29 7:00,394.05,14.41,15.455,43.3,36,2024,89,7,89.29166667,1.09576,1.50299,NA,1.09719,-0.00143,0.4058,NA,2.680735,1.299375,0.202185
2024/3/29 8:00,792.95,14.36,15.35,43.3,36,2024,89,8,89.33333333,1.09849,1.53178,NA,1.13382,-0.03533,0.39796,NA,5.36515,1.315135,0.181315
2024/3/29 9:00,954,14.545,15.265,43.3,36,2024,89,9,89.375,1.09149,1.6,NA,1.01336,0.07813,0.58664,NA,11.0727,1.345745,0.332385
2024/3/29 10:00,1397,14.91,15.235,43.2,36,2024,89,10,89.41666667,1.36849,1.71425,NA,1.15,0.21849,0.56425,NA,13.05175,1.54137,0.39137
2024/3/29 11:00,1579,15.77,15.26,43.05,36,2024,89,11,89.45833333,1.69,1.85,NA,1.59,0.1,0.26,NA,12.978,1.77,0.18
2024/3/29 12:00,1607.5,16.69,15.405,43,36,2024,89,12,89.5,2.07,2.08,NA,1.72,0.35,0.36,NA,14.6135,2.075,0.355
2024/3/29 13:00,1438,17.335,15.65,42.95,35.9,2024,89,13,89.54166667,1.69059,2.02,NA,1.91857,-0.22798,0.10143,NA,12.511,1.855295,-0.063275
2024/3/29 14:00,1305,17.9,15.925,42.9,35.9,2024,89,14,89.58333333,1.83676,2.25,NA,2.2162,-0.37944,0.0338,NA,14.0545,2.04338,-0.17282
2024/3/29 15:00,938,18.275,16.225,42.9,35.8,2024,89,15,89.625,1.82,2.1,NA,1.97,-0.15,0.13,NA,12.535,1.96,-0.01
2024/3/29 16:00,502.9,18.46,16.5,42.9,35.8,2024,89,16,89.66666667,1.75,2.18,NA,1.84,-0.09,0.34,NA,12.514,1.965,0.125
2024/3/29 17:00,176.95,18.45,16.745,42.9,35.7,2024,89,17,89.70833333,1.63401,2.17,NA,1.94801,-0.314,0.22199,NA,9.62365,1.902005,-0.046005
2024/3/29 18:00,8.25,18.34,16.925,42.9,35.7,2024,89,18,89.75,1.88434,2.06,NA,1.78,0.10434,0.28,NA,4.89825,1.97217,0.19217
2024/3/29 19:00,0,18.14,17.04,42.9,35.7,2024,89,19,89.79166667,1.45,2.03,NA,1.74,-0.29,0.29,NA,0.801042,1.74,0
2024/3/29 20:00,0,17.88,17.105,42.95,35.7,2024,89,20,89.83333333,1.65,1.84,NA,1.6,0.05,0.24,NA,-0.41325,1.745,0.145
2024/3/29 21:00,0,17.585,17.13,43,35.7,2024,89,21,89.875,1.34522,1.91964,NA,1.45515,-0.10993,0.46449,NA,0.47209,1.63243,0.17728
2024/3/29 22:00,0,17.3,17.1,43,35.7,2024,89,22,89.91666667,1.32895,1.88,NA,1.46308,-0.13413,0.41692,NA,0.93054,1.604475,0.141395
2024/3/29 23:00,0,17.025,17.05,43,35.7,2024,89,23,89.95833333,1.32786,1.75146,NA,1.4403,-0.11244,0.31116,NA,0.28882,1.53966,0.09936
2024/3/30 0:00,0,16.78,16.97,43,35.7,2024,90,0,90,1.30583,1.94,NA,1.30613,-3.00E-04,0.63387,NA,-0.284285,1.622915,0.316785
2024/3/30 1:00,0,16.585,16.89,43,35.7,2024,90,1,90.04166667,1.40882,1.9,NA,1.35748,0.05134,0.54252,NA,2.13543,1.65441,0.29693
2024/3/30 2:00,0,16.415,16.8,43.05,35.7,2024,90,2,90.08333333,1.48428,1.79058,NA,1.26355,0.22073,0.52703,NA,-0.109084,1.63743,0.37388
2024/3/30 3:00,0,16.23,16.71,43.1,35.7,2024,90,3,90.125,1.28484,1.73,NA,1.24877,0.03607,0.48123,NA,2.5157,1.50742,0.25865
2024/3/30 4:00,0,16.05,16.625,43.1,35.7,2024,90,4,90.16666667,1.40674,1.73474,NA,1.24985,0.15689,0.48489,NA,1.89455,1.57074,0.32089
2024/3/30 5:00,0,15.865,16.53,43.1,35.7,2024,90,5,90.20833333,1.25,1.75,NA,1.20628,0.04372,0.54372,NA,-0.20873,1.5,0.29372
2024/3/30 6:00,41.65,15.7,16.435,43.1,35.7,2024,90,6,90.25,1.33734,1.75,NA,1.18491,0.15243,0.56509,NA,1.228845,1.54367,0.35876
2024/3/30 7:00,402.3,15.55,16.33,43.1,35.8,2024,90,7,90.29166667,1.29734,1.74116,NA,1.19307,0.10427,0.54809,NA,1.560645,1.51925,0.32618
2024/3/30 8:00,606.2,15.5,16.235,43.1,35.8,2024,90,8,90.33333333,1.25449,1.77203,NA,1.230785,0.023705,0.541245,NA,4.81635,1.51326,0.282475
2024/3/30 9:00,899.75,15.68,16.155,43.1,35.8,2024,90,9,90.375,1.50995,1.85,NA,1.4,0.10995,0.45,NA,8.89555,1.679975,0.279975
2024/3/30 10:00,956.5,16.105,16.12,43.05,35.8,2024,90,10,90.41666667,1.46379,1.92,NA,1.52,-0.05621,0.4,NA,16.496,1.691895,0.171895
2024/3/30 11:00,594.35,16.715,16.155,43,35.8,2024,90,11,90.45833333,1.541685,2.05,NA,1.53,0.011685,0.52,NA,17.8695,1.7958425,0.2658425
2024/3/30 12:00,730.6,17.25,16.255,42.9,35.7,2024,90,12,90.5,1.83,2.15,NA,1.58,0.25,0.57,NA,11.27045,1.99,0.41
2024/3/30 13:00,723.25,17.695,16.415,42.9,35.7,2024,90,13,90.54166667,1.68,2.235,NA,1.68,0,0.555,NA,13.4755,1.9575,0.2775
2024/3/30 14:00,534,18.085,16.6,42.85,35.7,2024,90,14,90.58333333,1.86,2.21,NA,1.76,0.1,0.45,NA,14.2465,2.035,0.275
2024/3/30 15:00,340.7,18.395,16.795,42.8,35.65,2024,90,15,90.625,1.82,2.3,NA,1.8,0.02,0.5,NA,12.2529,2.06,0.26
2024/3/30 16:00,190.45,18.6,16.98,42.8,35.6,2024,90,16,90.66666667,2,2.41,NA,1.75616,0.24384,0.65384,NA,8.4423,2.205,0.44884
2024/3/30 17:00,196.85,18.695,17.15,42.8,35.6,2024,90,17,90.70833333,1.81768,2.58,NA,1.9,-0.08232,0.68,NA,6.0516,2.19884,0.29884
2024/3/30 18:00,4.5,18.725,17.3,42.8,35.6,2024,90,18,90.75,1.91509,2.33598,NA,1.68821,0.22688,0.64777,NA,6.16115,2.125535,0.437325
2024/3/30 19:00,0,18.68,17.415,42.8,35.5,2024,90,19,90.79166667,1.81616,2.17,NA,1.65076,0.1654,0.51924,NA,2.82575,1.99308,0.34232
2024/3/30 20:00,0,18.555,17.5,42.8,35.5,2024,90,20,90.83333333,1.75169,2.16476,NA,1.76967,-0.01798,0.39509,NA,0.26031,1.958225,0.188555
2024/3/30 21:00,0,18.415,17.55,42.9,35.5,2024,90,21,90.875,1.76361,2.05471,NA,1.73741,0.0262,0.3173,NA,-1.073555,1.90916,0.17175
2024/3/30 22:00,0,18.275,17.575,42.9,35.5,2024,90,22,90.91666667,1.67883,2.14456,NA,1.56154,0.11729,0.58302,NA,-0.352315,1.911695,0.350155
2024/3/30 23:00,0,18.125,17.575,42.9,35.5,2024,90,23,90.95833333,1.75175,2.24549,NA,1.53231,0.21944,0.71318,NA,1.42038,1.99862,0.46631
2024/3/31 0:00,0,17.98,17.57,42.9,35.5,2024,91,0,91,1.61374,2.18396,NA,1.49122,0.12252,0.69274,NA,1.468445,1.89885,0.40763
2024/3/31 1:00,0,17.835,17.545,42.9,35.5,2024,91,1,91.04166667,1.67,2.26,NA,1.62,0.05,0.64,NA,0.76866,1.965,0.345
2024/3/31 2:00,0,17.695,17.5,42.9,35.5,2024,91,2,91.08333333,1.54884,2.16166,NA,1.4658,0.08304,0.69586,NA,0.27676,1.85525,0.38945
2024/3/31 3:00,0,17.555,17.46,42.95,35.5,2024,91,3,91.125,1.77211,2.34617,NA,1.50909,0.26302,0.83708,NA,1.125275,2.05914,0.55005
2024/3/31 4:00,0,17.45,17.405,43,35.5,2024,91,4,91.16666667,1.63772,2.1467,NA,1.45306,0.18466,0.69364,NA,0.35335,1.89221,0.43915
2024/3/31 5:00,0,17.375,17.355,43,35.5,2024,91,5,91.20833333,1.72,2.26621,NA,1.56127,0.15873,0.70494,NA,0.37184,1.993105,0.431835
2024/3/31 6:00,12.01,17.32,17.31,43,35.5,2024,91,6,91.25,1.77,2.29952,NA,1.67,0.1,0.62952,NA,0.956365,2.03476,0.36476
2024/3/31 7:00,159.1,17.305,17.27,43,35.5,2024,91,7,91.29166667,1.72,2.14073,NA,1.5,0.22,0.64073,NA,-2.4157,1.930365,0.430365
2024/3/31 8:00,178.55,17.355,17.235,42.95,35.5,2024,91,8,91.33333333,1.73,2.18,NA,1.32,0.41,0.86,NA,-0.57316,1.955,0.635
2024/3/31 9:00,356.65,17.495,17.22,42.9,35.5,2024,91,9,91.375,1.63,2.13,NA,1.42914,0.20086,0.70086,NA,3.8502,1.88,0.45086
2024/3/31 10:00,289.85,17.71,17.225,42.9,35.5,2024,91,10,91.41666667,1.8531,2.33,NA,1.43,0.4231,0.9,NA,10.9489,2.09155,0.66155
2024/3/31 11:00,639.7,17.98,17.265,42.85,35.5,2024,91,11,91.45833333,1.71,2.38,NA,1.66,0.05,0.72,NA,7.2909,2.045,0.385
2024/3/31 12:00,966.5,18.33,17.33,42.8,35.5,2024,91,12,91.5,1.96,2.34,NA,1.79,0.17,0.55,NA,12.5505,2.15,0.36
2024/3/31 13:00,986.5,18.785,17.43,42.7,35.4,2024,91,13,91.54166667,1.96,2.56,NA,1.93,0.03,0.63,NA,20.0625,2.26,0.33
2024/3/31 14:00,1024.5,19.265,17.57,42.65,35.4,2024,91,14,91.58333333,2.09542,2.61,NA,2.32,-0.22458,0.29,NA,14.938,2.35271,0.03271
2024/3/31 15:00,544.1,19.68,17.75,42.6,35.4,2024,91,15,91.625,2.25,2.76,NA,2.21,0.04,0.55,NA,16.6835,2.505,0.295
2024/3/31 16:00,405.5,19.97,17.945,42.6,35.3,2024,91,16,91.66666667,2.16262,2.87,NA,2.13737,0.02525,0.73263,NA,9.55405,2.51631,0.37894
2024/3/31 17:00,219.6,20.15,18.145,42.6,35.3,2024,91,17,91.70833333,2.3,2.77,NA,1.9,0.4,0.87,NA,9.13235,2.535,0.635
2024/3/31 18:00,16.49,20.23,18.32,42.6,35.3,2024,91,18,91.75,1.93343,2.51,NA,2.26,-0.32657,0.25,NA,2.5991,2.221715,-0.038285
2024/3/31 19:00,0,20.185,18.465,42.6,35.3,2024,91,19,91.79166667,2.02,2.65,NA,2.22,-0.2,0.43,NA,-1.113735,2.335,0.115
2024/3/31 20:00,0,20.055,18.575,42.6,35.25,2024,91,20,91.83333333,1.83921,2.62,NA,2.21,-0.37079,0.41,NA,-0.65645,2.229605,0.019605
2024/3/31 21:00,0,19.885,18.645,42.7,35.2,2024,91,21,91.875,1.92,2.43,NA,1.95,-0.03,0.48,NA,-0.96709,2.175,0.225
2024/3/31 22:00,0,19.7,18.685,42.7,35.2,2024,91,22,91.91666667,NA,2.54,NA,1.82,NA,0.72,NA,-1.43693,2.54,0.72
2024/3/31 23:00,0,19.515,18.685,42.7,35.2,2024,91,23,91.95833333,1.8581,2.35929,NA,1.9172,-0.0591,0.44209,NA,-1.311535,2.108695,0.191495
