Datetime_hr_CST,PPFD_IN_1_1_1,TS_1_1_1,SWC_1_1_1,Year,DoY,Hour,DoY_hr,SR1,SR2,SR3,Rh,Ra1,Ra2,Ra3,GPP,SR,Ra
2024/9/3 12:00,1621,28.23,14.35,2024,247,12,247.5,NA,3.74,3.58,3.295,NA,0.445,0.285,25.656,3.66,0.365
2024/9/3 13:00,1569,29.88,14.3,2024,247,13,247.5416667,NA,4.84,4.545,3.575,NA,1.265,0.97,23.5815,4.6925,1.1175
2024/9/3 14:00,1022.2,30.525,14.25,2024,247,14,247.5833333,NA,4.835,4.68,3.51,NA,1.325,1.17,20.524,4.7575,1.2475
2024/9/3 15:00,365.2,29.92,14.15,2024,247,15,247.625,NA,4.89,NA,3.52,NA,1.37,NA,16.9695,4.89,1.37
2024/9/3 16:00,194.1,29.275,14.1,2024,247,16,247.6666667,NA,4.935,NA,3.465,NA,1.47,NA,10.5692,4.935,1.47
2024/9/3 17:00,174.25,28.765,14,2024,247,17,247.7083333,NA,5.01,4.465,3.395,NA,1.615,1.07,8.86555,4.7375,1.3425
2024/9/3 18:00,34.475,28.355,14,2024,247,18,247.75,NA,4.98,4.415,3.235,NA,1.745,1.18,7.67955,4.6975,1.4625
2024/9/3 19:00,0,27.865,13.9,2024,247,19,247.7916667,NA,4.825,4.38,3.425,NA,1.4,0.955,5.31495,4.6025,1.1775
2024/9/3 20:00,0,27.39,13.9,2024,247,20,247.8333333,NA,4.8,4.3,3.455,NA,1.345,0.845,2.5247,4.55,1.095
2024/9/3 21:00,0,27.02,13.9,2024,247,21,247.875,NA,4.665,4.03,3.23,NA,1.435,0.8,1.09349,4.3475,1.1175
2024/9/3 22:00,0,26.725,13.9,2024,247,22,247.9166667,NA,4.76,3.96,3.105,NA,1.655,0.855,1.8231,4.36,1.255
2024/9/3 23:00,0,26.49,13.9,2024,247,23,247.9583333,NA,4.7,4.275,3.205,NA,1.495,1.07,1.7112,4.4875,1.2825
2024/9/4 0:00,0,26.3,13.9,2024,248,0,248,NA,4.865,3.97,3.24,NA,1.625,0.73,0.73217,4.4175,1.1775
2024/9/4 1:00,0,26.11,13.9,2024,248,1,248.0416667,NA,4.63,3.975,3.02,NA,1.61,0.955,0.24739,4.3025,1.2825
2024/9/4 2:00,0,25.925,13.9,2024,248,2,248.0833333,NA,4.415,3.9,3.175,NA,1.24,0.725,0.18663,4.1575,0.9825
2024/9/4 3:00,0,25.73,13.9,2024,248,3,248.125,NA,4.365,3.825,3.085,NA,1.28,0.74,-1.4226,4.095,1.01
2024/9/4 4:00,0,25.56,13.9,2024,248,4,248.1666667,NA,4.395,3.725,3.005,NA,1.39,0.72,-3.138105,4.06,1.055
2024/9/4 5:00,0,25.36,13.8,2024,248,5,248.2083333,NA,4.39,3.785,2.83,NA,1.56,0.955,-3.4491,4.0875,1.2575
2024/9/4 6:00,40.1,25.17,13.8,2024,248,6,248.25,NA,4.225,3.785,2.88,NA,1.345,0.905,1.5988,4.005,1.125
2024/9/4 7:00,167.25,25.045,13.8,2024,248,7,248.2916667,NA,4.245,3.795,2.935,NA,1.31,0.86,2.5371,4.02,1.085
2024/9/4 8:00,271.1,25.06,13.8,2024,248,8,248.3333333,NA,4.22,3.645,2.765,NA,1.455,0.88,4.6177,3.9325,1.1675
2024/9/4 9:00,316.85,25.165,13.8,2024,248,9,248.375,NA,4.16,3.755,2.81,NA,1.35,0.945,5.9693,3.9575,1.1475
2024/9/4 10:00,719.3,25.265,13.7,2024,248,10,248.4166667,NA,4.145,3.795,2.7,NA,1.445,1.095,8.96485,3.97,1.27
2024/9/4 11:00,1096,25.765,13.7,2024,248,11,248.4583333,NA,4.06,3.85,2.53,NA,1.53,1.32,17.7755,3.955,1.425
2024/9/4 12:00,1162.5,26.51,13.7,2024,248,12,248.5,NA,4.08,3.91,2.83,NA,1.25,1.08,21.084,3.995,1.165
2024/9/4 13:00,798.9,27.335,13.7,2024,248,13,248.5416667,NA,4.28,4.15,2.85,NA,1.43,1.3,16.442,4.215,1.365
2024/9/4 14:00,1004.5,27.61,13.65,2024,248,14,248.5833333,NA,4.415,4.165,2.895,NA,1.52,1.27,19.806,4.29,1.395
2024/9/4 15:00,723.6,27.815,13.6,2024,248,15,248.625,NA,4.39,4.415,2.975,NA,1.415,1.44,21.1685,4.4025,1.4275
2024/9/4 16:00,652.75,27.65,13.55,2024,248,16,248.6666667,NA,4.355,4.265,2.98,NA,1.375,1.285,19.4655,4.31,1.33
2024/9/4 17:00,255.45,27.28,13.5,2024,248,17,248.7083333,NA,4.285,4.27,2.835,NA,1.45,1.435,12.636,4.2775,1.4425
2024/9/4 18:00,32.6,26.895,13.5,2024,248,18,248.75,NA,4.54,4.145,2.78,NA,1.76,1.365,10.4532,4.3425,1.5625
2024/9/4 19:00,0,26.535,13.5,2024,248,19,248.7916667,NA,4.495,4,3.24,NA,1.255,0.76,2.22587,4.2475,1.0075
2024/9/4 20:00,0,26.215,13.5,2024,248,20,248.8333333,NA,4.425,4.04,3.13,NA,1.295,0.91,3.8881,4.2325,1.1025
2024/9/4 21:00,0,25.945,13.5,2024,248,21,248.875,NA,4.465,3.925,2.955,NA,1.51,0.97,-0.829575,4.195,1.24
2024/9/4 22:00,0,25.715,13.4,2024,248,22,248.9166667,NA,4.38,4.08,2.84,NA,1.54,1.24,-0.98615,4.23,1.39
2024/9/4 23:00,0,25.545,13.4,2024,248,23,248.9583333,NA,4.45,3.925,3.065,NA,1.385,0.86,2.02524,4.1875,1.1225
2024/9/5 0:00,0,25.425,13.4,2024,249,0,249,NA,4.335,4.065,2.94,NA,1.395,1.125,1.35347,4.2,1.26
2024/9/5 1:00,0,25.355,13.4,2024,249,1,249.0416667,NA,4.46,3.78,2.935,NA,1.525,0.845,1.287175,4.12,1.185
2024/9/5 2:00,0,25.3,13.4,2024,249,2,249.0833333,NA,4.335,3.895,2.845,NA,1.49,1.05,-0.5005,4.115,1.27
2024/9/5 3:00,0,25.26,13.4,2024,249,3,249.125,NA,4.555,4.01,2.8,NA,1.755,1.21,2.9593,4.2825,1.4825
2024/9/5 4:00,0,25.205,13.4,2024,249,4,249.1666667,NA,4.43,3.965,3.09,NA,1.34,0.875,-1.873065,4.1975,1.1075
2024/9/5 5:00,0,25.14,13.4,2024,249,5,249.2083333,NA,4.385,3.86,2.905,NA,1.48,0.955,-3.31825,4.1225,1.2175
2024/9/5 6:00,2.625,25.055,13.4,2024,249,6,249.25,NA,4.33,3.825,2.82,NA,1.51,1.005,-0.36391,4.0775,1.2575
2024/9/5 7:00,121.1,25.025,13.4,2024,249,7,249.2916667,NA,4.35,3.935,2.84,NA,1.51,1.095,-5.36725,4.1425,1.3025
2024/9/5 8:00,158.2,25.075,13.4,2024,249,8,249.3333333,NA,4.435,3.93,2.76,NA,1.675,1.17,-1.04047,4.1825,1.4225
2024/9/5 9:00,387.3,25.25,13.4,2024,249,9,249.375,NA,4.275,4.025,2.465,NA,1.81,1.56,5.92755,4.15,1.685
2024/9/5 10:00,395,25.56,13.4,2024,249,10,249.4166667,NA,4.195,3.885,2.455,NA,1.74,1.43,12.0005,4.04,1.585
2024/9/5 11:00,489.4,25.87,13.3,2024,249,11,249.4583333,NA,4.18,3.895,2.63,NA,1.55,1.265,16.3735,4.0375,1.4075
2024/9/5 12:00,536.6,26.19,13.3,2024,249,12,249.5,NA,4.235,3.885,2.6,NA,1.635,1.285,12.592,4.06,1.46
2024/9/5 13:00,648.2,26.625,13.3,2024,249,13,249.5416667,NA,4.345,4.02,2.78,NA,1.565,1.24,19.443,4.1825,1.4025
2024/9/5 14:00,644.05,26.895,13.3,2024,249,14,249.5833333,NA,4.16,4.055,2.785,NA,1.375,1.27,16.0205,4.1075,1.3225
2024/9/5 15:00,723.6,26.94,13.3,2024,249,15,249.625,NA,4.305,4.055,2.855,NA,1.45,1.2,17.56,4.18,1.325
2024/9/5 16:00,244.3,27.035,13.25,2024,249,16,249.6666667,NA,4.175,4.19,2.75,NA,1.425,1.44,21.9665,4.1825,1.4325
2024/9/5 17:00,154.75,26.835,13.2,2024,249,17,249.7083333,NA,4.3,4.175,2.885,NA,1.415,1.29,9.54435,4.2375,1.3525
2024/9/5 18:00,26.61,26.54,13.2,2024,249,18,249.75,NA,4.165,4.185,2.745,NA,1.42,1.44,4.3452,4.175,1.43
2024/9/5 19:00,0,26.185,13.2,2024,249,19,249.7916667,NA,4.32,3.87,2.77,NA,1.55,1.1,-0.8357,4.095,1.325
2024/9/5 20:00,0,25.87,13.2,2024,249,20,249.8333333,NA,4.07,3.97,2.655,NA,1.415,1.315,1.54321,4.02,1.365
2024/9/5 21:00,0,25.65,13.15,2024,249,21,249.875,NA,4.145,3.905,2.56,NA,1.585,1.345,-2.16081,4.025,1.465
2024/9/5 22:00,0,25.45,13.2,2024,249,22,249.9166667,NA,4.05,4,2.72,NA,1.33,1.28,-0.28145,4.025,1.305
2024/9/5 23:00,0,25.28,13.2,2024,249,23,249.9583333,NA,4.13,4.01,2.59,NA,1.54,1.42,-1.525645,4.07,1.48
2024/9/6 0:00,0,25.135,13.2,2024,250,0,250,NA,4.335,3.995,2.59,NA,1.745,1.405,0.12,4.165,1.575
2024/9/6 1:00,0,24.985,13.2,2024,250,1,250.0416667,NA,4.215,3.97,2.775,NA,1.44,1.195,1.06503,4.0925,1.3175
2024/9/6 2:00,0,24.865,13.2,2024,250,2,250.0833333,NA,4.15,3.9,2.615,NA,1.535,1.285,-2.512855,4.025,1.41
2024/9/6 3:00,0,24.795,13.2,2024,250,3,250.125,NA,4.33,3.955,2.675,NA,1.655,1.28,-2.098495,4.1425,1.4675
2024/9/6 4:00,0,24.74,13.2,2024,250,4,250.1666667,NA,4.325,4.035,2.745,NA,1.58,1.29,-1.83013,4.18,1.435
2024/9/6 5:00,0,24.68,13.2,2024,250,5,250.2083333,NA,4.38,3.91,2.76,NA,1.62,1.15,-1.149355,4.145,1.385
2024/9/6 6:00,31.5,24.615,13.2,2024,250,6,250.25,NA,4.155,3.765,2.28,NA,1.875,1.485,-2.717965,3.96,1.68
2024/9/6 7:00,151.85,24.605,13.2,2024,250,7,250.2916667,NA,4.055,3.755,2.51,NA,1.545,1.245,0.370775,3.905,1.395
2024/9/6 8:00,199.85,24.71,13.2,2024,250,8,250.3333333,NA,4.02,3.765,2.41,NA,1.61,1.355,2.605395,3.8925,1.4825
2024/9/6 9:00,255,24.845,13.2,2024,250,9,250.375,NA,3.935,3.895,2.46,NA,1.475,1.435,4.99165,3.915,1.455
2024/9/6 10:00,397.4,25.08,13.2,2024,250,10,250.4166667,NA,4.03,3.865,2.655,NA,1.375,1.21,7.94215,3.9475,1.2925
2024/9/6 11:00,674.35,25.43,13.2,2024,250,11,250.4583333,NA,4.025,3.92,2.43,NA,1.595,1.49,9.84545,3.9725,1.5425
2024/9/6 12:00,969.3,25.905,13.1,2024,250,12,250.5,NA,4.06,3.945,2.33,NA,1.73,1.615,16.351,4.0025,1.6725
2024/9/6 13:00,722.45,26.6,13.1,2024,250,13,250.5416667,NA,4.09,3.91,2.89,NA,1.2,1.02,14.1945,4,1.11
2024/9/6 14:00,587.6,26.855,13.1,2024,250,14,250.5833333,NA,4.07,3.975,2.595,NA,1.475,1.38,20.085,4.0225,1.4275
2024/9/6 15:00,449.65,26.775,13.1,2024,250,15,250.625,NA,4.045,3.935,2.775,NA,1.27,1.16,14.891,3.99,1.215
2024/9/6 16:00,274.4,26.535,13,2024,250,16,250.6666667,NA,4.06,3.83,2.62,NA,1.44,1.21,10.97905,3.945,1.325
2024/9/6 17:00,127.1,26.14,13,2024,250,17,250.7083333,NA,3.93,3.76,2.68,NA,1.25,1.08,8.69015,3.845,1.165
2024/9/6 18:00,16.875,25.72,12.95,2024,250,18,250.75,NA,4.085,3.84,2.39,NA,1.695,1.45,1.424906,3.9625,1.5725
2024/9/6 19:00,0,25.335,12.9,2024,250,19,250.7916667,NA,4.065,3.83,2.655,NA,1.41,1.175,2.1566,3.9475,1.2925
2024/9/6 20:00,0,24.995,12.9,2024,250,20,250.8333333,NA,4.17,3.79,2.57,NA,1.6,1.22,1.183225,3.98,1.41
2024/9/6 21:00,0,24.605,12.9,2024,250,21,250.875,NA,4.095,3.78,2.81,NA,1.285,0.97,4.42555,3.9375,1.1275
2024/9/6 22:00,0,24.235,12.9,2024,250,22,250.9166667,NA,4.115,3.625,2.715,NA,1.4,0.91,-0.9463,3.87,1.155
2024/9/6 23:00,0,23.9,12.9,2024,250,23,250.9583333,NA,3.92,3.605,2.46,NA,1.46,1.145,0.5840735,3.7625,1.3025
2024/9/7 0:00,0,23.64,12.9,2024,251,0,251,NA,3.99,3.46,2.475,NA,1.515,0.985,-0.937135,3.725,1.25
2024/9/7 1:00,0,23.43,12.9,2024,251,1,251.0416667,NA,4.025,3.47,2.59,NA,1.435,0.88,-0.28025,3.7475,1.1575
2024/9/7 2:00,0,23.235,12.9,2024,251,2,251.0833333,NA,4,3.565,2.48,NA,1.52,1.085,1.548565,3.7825,1.3025
2024/9/7 3:00,0,23.065,12.9,2024,251,3,251.125,NA,3.89,3.5,2.52,NA,1.37,0.98,0.427985,3.695,1.175
2024/9/7 4:00,0,22.92,12.9,2024,251,4,251.1666667,NA,3.895,3.475,2.35,NA,1.545,1.125,0.32455,3.685,1.335
2024/9/7 5:00,0,22.785,12.9,2024,251,5,251.2083333,NA,3.925,3.49,2.5,NA,1.425,0.99,1.260785,3.7075,1.2075
2024/9/7 6:00,85.525,22.66,12.9,2024,251,6,251.25,NA,3.75,3.44,2.435,NA,1.315,1.005,-3.6786,3.595,1.16
2024/9/7 7:00,453,22.55,12.9,2024,251,7,251.2916667,NA,3.74,3.365,2.235,NA,1.505,1.13,-7.3644,3.5525,1.3175
2024/9/7 8:00,847.25,22.545,12.9,2024,251,8,251.3333333,NA,3.605,3.455,2.02,NA,1.585,1.435,5.5092,3.53,1.51
2024/9/7 9:00,1130.5,22.69,12.9,2024,251,9,251.375,NA,3.555,3.44,2.145,NA,1.41,1.295,17.317,3.4975,1.3525
2024/9/7 10:00,1460,23.65,12.9,2024,251,10,251.4166667,NA,3.52,3.36,2.18,NA,1.34,1.18,18.9165,3.44,1.26
2024/9/7 11:00,1571.5,25.875,12.9,2024,251,11,251.4583333,NA,3.63,3.6,2.415,NA,1.215,1.185,19.818,3.615,1.2
2024/9/7 12:00,1619,26.21,12.8,2024,251,12,251.5,NA,3.86,3.565,2.56,NA,1.3,1.005,20.1925,3.7125,1.1525
2024/9/7 13:00,1544,27.625,12.8,2024,251,13,251.5416667,NA,4.48,3.895,2.85,NA,1.63,1.045,22.547,4.1875,1.3375
2024/9/7 14:00,1419,28.225,12.75,2024,251,14,251.5833333,NA,4.21,4.035,2.66,NA,1.55,1.375,19.103,4.1225,1.4625
2024/9/7 15:00,1094,27.085,12.6,2024,251,15,251.625,NA,4.505,4.43,2.655,NA,1.85,1.775,16.1135,4.4675,1.8125
2024/9/7 16:00,706.15,26.195,12.55,2024,251,16,251.6666667,NA,4.215,4.075,2.305,NA,1.91,1.77,14.5435,4.145,1.84
2024/9/7 17:00,302.05,25.585,12.5,2024,251,17,251.7083333,NA,4.21,3.905,2.53,NA,1.68,1.375,11.143,4.0575,1.5275
2024/9/7 18:00,38.97,25.09,12.5,2024,251,18,251.75,NA,4.17,4.045,2.505,NA,1.665,1.54,9.0295,4.1075,1.6025
2024/9/7 19:00,0,24.595,12.5,2024,251,19,251.7916667,NA,4.205,3.825,2.415,NA,1.79,1.41,1.8814,4.015,1.6
2024/9/7 20:00,0,24.1,12.4,2024,251,20,251.8333333,NA,4.2,3.71,2.41,NA,1.79,1.3,1.26495,3.955,1.545
2024/9/7 21:00,0,23.65,12.4,2024,251,21,251.875,NA,4.04,3.675,2.315,NA,1.725,1.36,0.783405,3.8575,1.5425
2024/9/7 22:00,0,23.26,12.45,2024,251,22,251.9166667,NA,3.95,3.625,2.46,NA,1.49,1.165,3.14945,3.7875,1.3275
2024/9/7 23:00,0,22.92,12.4,2024,251,23,251.9583333,NA,3.91,3.425,2.44,NA,1.47,0.985,1.641555,3.6675,1.2275
2024/9/8 0:00,0,22.6,12.4,2024,252,0,252,NA,3.92,3.395,2.385,NA,1.535,1.01,2.81135,3.6575,1.2725
2024/9/8 1:00,0,22.29,12.4,2024,252,1,252.0416667,NA,3.845,3.295,2.385,NA,1.46,0.91,3.51015,3.57,1.185
2024/9/8 2:00,0,21.96,12.4,2024,252,2,252.0833333,NA,3.8,3.275,2.225,NA,1.575,1.05,0.254901,3.5375,1.3125
2024/9/8 3:00,0,21.61,12.4,2024,252,3,252.125,NA,3.69,3.21,2.35,NA,1.34,0.86,-1.6979,3.45,1.1
2024/9/8 4:00,0,21.265,12.4,2024,252,4,252.1666667,NA,3.55,3.06,2.155,NA,1.395,0.905,-1.449535,3.305,1.15
2024/9/8 5:00,0,20.925,12.4,2024,252,5,252.2083333,NA,3.56,3.1,2.21,NA,1.35,0.89,0.21224,3.33,1.12
2024/9/8 6:00,87.455,20.635,12.4,2024,252,6,252.25,NA,3.425,2.95,2.07,NA,1.355,0.88,0.116494,3.1875,1.1175
2024/9/8 7:00,477.3,20.41,12.4,2024,252,7,252.2916667,NA,3.455,2.915,2.035,NA,1.42,0.88,2.1654,3.185,1.15
2024/9/8 8:00,884.7,20.385,12.3,2024,252,8,252.3333333,NA,3.405,2.91,2.025,NA,1.38,0.885,6.52295,3.1575,1.1325
2024/9/8 9:00,1142,20.61,12.3,2024,252,9,252.375,NA,3.56,3.03,1.76,NA,1.8,1.27,14.3365,3.295,1.535
2024/9/8 10:00,1475,21.875,12.4,2024,252,10,252.4166667,NA,3.555,3.055,1.885,NA,1.67,1.17,17.691,3.305,1.42
2024/9/8 11:00,1603,24.52,12.4,2024,252,11,252.4583333,NA,3.615,3.255,2.245,NA,1.37,1.01,19.603,3.435,1.19
2024/9/8 12:00,1619,24.745,12.3,2024,252,12,252.5,NA,3.865,3.24,2.235,NA,1.63,1.005,22.2905,3.5525,1.3175
2024/9/8 13:00,1556,26.28,12.3,2024,252,13,252.5416667,NA,4.495,3.64,2.59,NA,1.905,1.05,20.9155,4.0675,1.4775
2024/9/8 14:00,1428.5,27.405,12.3,2024,252,14,252.5833333,NA,4.06,3.76,2.245,NA,1.815,1.515,19.4235,3.91,1.665
2024/9/8 15:00,1102.5,26.25,12.2,2024,252,15,252.625,NA,4.235,4.07,2.445,NA,1.79,1.625,16.1175,4.1525,1.7075
2024/9/8 16:00,720.15,25.335,12.1,2024,252,16,252.6666667,NA,4.04,3.77,2.26,NA,1.78,1.51,10.17105,3.905,1.645
2024/9/8 17:00,312.2,24.65,12.1,2024,252,17,252.7083333,NA,3.95,3.665,2.22,NA,1.73,1.445,12.378,3.8075,1.5875
2024/9/8 18:00,38.6,24.075,12,2024,252,18,252.75,NA,4.07,3.665,2.28,NA,1.79,1.385,5.690475,3.8675,1.5875
2024/9/8 19:00,0,23.47,12,2024,252,19,252.7916667,NA,3.965,3.665,2.235,NA,1.73,1.43,3.043195,3.815,1.58
2024/9/8 20:00,0,22.88,12,2024,252,20,252.8333333,NA,3.83,3.46,2.22,NA,1.61,1.24,2.9418,3.645,1.425
2024/9/8 21:00,0,22.355,12,2024,252,21,252.875,NA,3.73,3.41,2.16,NA,1.57,1.25,3.05465,3.57,1.41
2024/9/8 22:00,0,21.915,12,2024,252,22,252.9166667,NA,3.575,3.26,2.08,NA,1.495,1.18,2.92075,3.4175,1.3375
2024/9/8 23:00,0,21.51,12,2024,252,23,252.9583333,NA,3.505,3.235,2.105,NA,1.4,1.13,1.812,3.37,1.265
2024/9/9 0:00,0,21.115,12,2024,253,0,253,NA,3.5,3.085,2.125,NA,1.375,0.96,-0.463985,3.2925,1.1675
2024/9/9 1:00,0,20.72,12,2024,253,1,253.0416667,NA,3.47,3.105,1.955,NA,1.515,1.15,-3.1794,3.2875,1.3325
2024/9/9 2:00,0,20.36,12,2024,253,2,253.0833333,NA,3.355,2.895,2.01,NA,1.345,0.885,-4.85775,3.125,1.115
2024/9/9 3:00,0,20.015,11.9,2024,253,3,253.125,NA,3.265,2.945,1.955,NA,1.31,0.99,-10.1432,3.105,1.15
2024/9/9 4:00,0,19.7,11.9,2024,253,4,253.1666667,NA,3.225,2.84,2,NA,1.225,0.84,-3.61705,3.0325,1.0325
2024/9/9 5:00,0,19.41,11.9,2024,253,5,253.2083333,NA,3.17,2.75,1.895,NA,1.275,0.855,-6.49185,2.96,1.065
2024/9/9 6:00,61.95,19.14,11.9,2024,253,6,253.25,NA,3.185,2.74,1.925,NA,1.26,0.815,-4.83355,2.9625,1.0375
2024/9/9 7:00,488.2,18.965,11.9,2024,253,7,253.2916667,NA,3.12,2.75,1.855,NA,1.265,0.895,0.3434555,2.935,1.08
2024/9/9 8:00,890.5,19.015,11.9,2024,253,8,253.3333333,NA,3.185,2.855,1.775,NA,1.41,1.08,9.4142,3.02,1.245
2024/9/9 9:00,1147.5,19.39,11.9,2024,253,9,253.375,NA,3.425,2.96,1.87,NA,1.555,1.09,15.7775,3.1925,1.3225
2024/9/9 10:00,1472.5,20.84,11.95,2024,253,10,253.4166667,NA,3.465,3.025,1.84,NA,1.625,1.185,17.504,3.245,1.405
2024/9/9 11:00,1606.5,23.945,12,2024,253,11,253.4583333,NA,3.645,3.14,2.075,NA,1.57,1.065,17.2295,3.3925,1.3175
2024/9/9 12:00,1610,24.385,11.95,2024,253,12,253.5,NA,3.87,3.265,2.065,NA,1.805,1.2,22.6085,3.5675,1.5025
2024/9/9 13:00,1540.5,26.055,12,2024,253,13,253.5416667,NA,4.305,3.605,2.37,NA,1.935,1.235,20.6695,3.955,1.585
2024/9/9 14:00,1415.5,27.275,11.95,2024,253,14,253.5833333,NA,4.095,3.84,2.135,NA,1.96,1.705,17.3205,3.9675,1.8325
2024/9/9 15:00,1021,26.225,11.8,2024,253,15,253.625,NA,4.115,4.37,2.355,NA,1.76,2.015,14.3645,4.2425,1.8875
2024/9/9 16:00,704.1,25.355,11.75,2024,253,16,253.6666667,NA,4.035,3.86,2.235,NA,1.8,1.625,16.6005,3.9475,1.7125
2024/9/9 17:00,298.9,24.72,11.7,2024,253,17,253.7083333,NA,4.115,3.77,2.35,NA,1.765,1.42,11.3765,3.9425,1.5925
2024/9/9 18:00,34.47,24.155,11.65,2024,253,18,253.75,NA,4.17,3.81,2.195,NA,1.975,1.615,6.55475,3.99,1.795
2024/9/9 19:00,0,23.57,11.6,2024,253,19,253.7916667,NA,3.975,3.71,2.18,NA,1.795,1.53,1.2494,3.8425,1.6625
2024/9/9 20:00,0,23.025,11.6,2024,253,20,253.8333333,NA,3.89,3.705,2.18,NA,1.71,1.525,4.32915,3.7975,1.6175
2024/9/9 21:00,0,22.565,11.6,2024,253,21,253.875,NA,3.75,3.565,2.205,NA,1.545,1.36,3.6724,3.6575,1.4525
2024/9/9 22:00,0,22.16,11.6,2024,253,22,253.9166667,NA,3.7,3.515,2.17,NA,1.53,1.345,3.0455,3.6075,1.4375
2024/9/9 23:00,0,21.79,11.6,2024,253,23,253.9583333,NA,3.78,3.39,2.08,NA,1.7,1.31,2.96135,3.585,1.505
2024/9/10 0:00,0,21.445,11.6,2024,254,0,254,NA,3.68,3.255,2.18,NA,1.5,1.075,3.06235,3.4675,1.2875
2024/9/10 1:00,0,21.15,11.6,2024,254,1,254.0416667,NA,3.615,3.235,1.995,NA,1.62,1.24,2.8591,3.425,1.43
2024/9/10 2:00,0,20.985,11.6,2024,254,2,254.0833333,NA,3.535,3.205,2.09,NA,1.445,1.115,1.9017,3.37,1.28
2024/9/10 3:00,0,20.82,11.6,2024,254,3,254.125,NA,3.775,3.155,2.045,NA,1.73,1.11,1.2165,3.465,1.42
2024/9/10 4:00,0,20.595,11.6,2024,254,4,254.1666667,NA,3.615,3.135,2.005,NA,1.61,1.13,-0.60147,3.375,1.37
2024/9/10 5:00,0,20.41,11.6,2024,254,5,254.2083333,NA,3.525,3,2.015,NA,1.51,0.985,-2.20095,3.2625,1.2475
2024/9/10 6:00,65.65,20.215,11.6,2024,254,6,254.25,NA,3.405,2.985,1.87,NA,1.535,1.115,-1.6378,3.195,1.325
2024/9/10 7:00,437.1,20.11,11.6,2024,254,7,254.2916667,NA,3.405,3.05,2.085,NA,1.32,0.965,0.91997,3.2275,1.1425
2024/9/10 8:00,661.5,20.225,11.6,2024,254,8,254.3333333,NA,3.525,3.065,2.03,NA,1.495,1.035,3.5606,3.295,1.265
2024/9/10 9:00,987.5,20.705,11.6,2024,254,9,254.375,NA,3.68,3.335,1.865,NA,1.815,1.47,8.2075,3.5075,1.6425
2024/9/10 10:00,1441.5,22.005,11.6,2024,254,10,254.4166667,NA,3.755,3.45,2.115,NA,1.64,1.335,17.8525,3.6025,1.4875
2024/9/10 11:00,1536.5,24.91,11.6,2024,254,11,254.4583333,NA,3.955,3.625,2.305,NA,1.65,1.32,19.6785,3.79,1.485
2024/9/10 12:00,1115,25.685,11.6,2024,254,12,254.5,NA,4.22,3.72,2.2,NA,2.02,1.52,21.845,3.97,1.77
2024/9/10 13:00,597.35,26.26,11.6,2024,254,13,254.5416667,NA,4.355,3.945,2.58,NA,1.775,1.365,17.969,4.15,1.57
2024/9/10 14:00,668.35,26.425,11.5,2024,254,14,254.5833333,NA,4.525,3.99,2.42,NA,2.105,1.57,15.744,4.2575,1.8375
2024/9/10 15:00,154.75,26.29,11.5,2024,254,15,254.625,NA,4.58,4.14,2.48,NA,2.1,1.66,16.1295,4.36,1.88
2024/9/10 16:00,403.25,25.895,11.4,2024,254,16,254.6666667,NA,4.455,4.135,2.52,NA,1.935,1.615,7.60295,4.295,1.775
2024/9/10 17:00,319.25,25.53,11.4,2024,254,17,254.7083333,NA,4.625,4.06,2.545,NA,2.08,1.515,10.3132,4.3425,1.7975
2024/9/10 18:00,28.855,25.245,11.4,2024,254,18,254.75,NA,4.845,4.345,2.77,NA,2.075,1.575,8.7657,4.595,1.825
2024/9/10 19:00,0,24.86,11.4,2024,254,19,254.7916667,NA,4.9,4.115,2.93,NA,1.97,1.185,1.4375,4.5075,1.5775
2024/9/10 20:00,0,24.475,11.4,2024,254,20,254.8333333,NA,4.835,4.12,2.685,NA,2.15,1.435,2.99395,4.4775,1.7925
2024/9/10 21:00,0,24.145,11.4,2024,254,21,254.875,NA,4.78,4.155,2.755,NA,2.025,1.4,0.2284,4.4675,1.7125
2024/9/10 22:00,0,23.87,11.4,2024,254,22,254.9166667,NA,4.525,4.145,2.68,NA,1.845,1.465,2.705565,4.335,1.655
2024/9/10 23:00,0,23.675,11.4,2024,254,23,254.9583333,NA,4.565,3.95,2.68,NA,1.885,1.27,0.62224,4.2575,1.5775
2024/9/11 0:00,0,23.6,11.4,2024,255,0,255,NA,4.515,3.95,2.525,NA,1.99,1.425,2.52545,4.2325,1.7075
2024/9/11 1:00,0,23.56,11.4,2024,255,1,255.0416667,NA,4.58,4.245,2.71,NA,1.87,1.535,2.24579,4.4125,1.7025
2024/9/11 2:00,0,23.53,11.4,2024,255,2,255.0833333,NA,4.8,4.145,2.455,NA,2.345,1.69,1.898925,4.4725,2.0175
2024/9/11 3:00,0,23.5,11.4,2024,255,3,255.125,NA,4.77,4.225,2.76,NA,2.01,1.465,-0.634055,4.4975,1.7375
2024/9/11 4:00,0,23.425,11.4,2024,255,4,255.1666667,NA,4.885,4.095,2.59,NA,2.295,1.505,0.054872,4.49,1.9
2024/9/11 5:00,0,23.355,11.4,2024,255,5,255.2083333,NA,4.735,4.125,2.6,NA,2.135,1.525,0.088638,4.43,1.83
2024/9/11 6:00,10.125,23.305,11.4,2024,255,6,255.25,NA,4.74,4.105,2.51,NA,2.23,1.595,0.6116,4.4225,1.9125
2024/9/11 7:00,164.2,23.325,11.4,2024,255,7,255.2916667,NA,4.75,4.125,2.51,NA,2.24,1.615,-1.24168,4.4375,1.9275
2024/9/11 8:00,298.85,23.515,11.4,2024,255,8,255.3333333,NA,4.535,4.26,2.575,NA,1.96,1.685,1.6392,4.3975,1.8225
2024/9/11 9:00,447.7,23.845,11.4,2024,255,9,255.375,NA,4.575,4.07,2.195,NA,2.38,1.875,8.077,4.3225,2.1275
2024/9/11 10:00,796.35,24.31,11.4,2024,255,10,255.4166667,NA,4.635,4.135,1.925,NA,2.71,2.21,10.24935,4.385,2.46
2024/9/11 11:00,668.15,25.14,11.4,2024,255,11,255.4583333,NA,4.605,4.295,2.46,NA,2.145,1.835,20.863,4.45,1.99
2024/9/11 12:00,826.8,25.51,11.4,2024,255,12,255.5,NA,4.775,4.34,2.48,NA,2.295,1.86,14.3185,4.5575,2.0775
2024/9/11 13:00,553.9,25.935,11.4,2024,255,13,255.5416667,NA,4.485,4.39,2.51,NA,1.975,1.88,15.1595,4.4375,1.9275
2024/9/11 14:00,417.95,26.085,11.4,2024,255,14,255.5833333,NA,4.575,4.37,2.6,NA,1.975,1.77,18.7205,4.4725,1.8725
2024/9/11 15:00,229.5,25.89,11.5,2024,255,15,255.625,NA,4.87,4.205,2.61,NA,2.26,1.595,9.36355,4.5375,1.9275
2024/9/11 16:00,191.25,25.515,11.7,2024,255,16,255.6666667,NA,3.625,3.955,2.46,NA,1.165,1.495,4.30525,3.79,1.33
2024/9/11 17:00,44.625,25.22,12,2024,255,17,255.7083333,NA,3.355,4.24,2.98,NA,0.375,1.26,3.8053,3.7975,0.8175
2024/9/11 18:00,0,24.94,12.25,2024,255,18,255.75,NA,3.615,4.24,2.62,NA,0.995,1.62,-1.308095,3.9275,1.3075
2024/9/11 19:00,0,24.645,12.4,2024,255,19,255.7916667,NA,3.745,4.275,2.7,NA,1.045,1.575,-1.86176,4.01,1.31
2024/9/11 20:00,0,24.38,12.5,2024,255,20,255.8333333,NA,3.47,4.04,2.725,NA,0.745,1.315,2.0079,3.755,1.03
2024/9/11 21:00,0,24.175,12.55,2024,255,21,255.875,NA,3.94,3.855,2.57,NA,1.37,1.285,0.8084,3.8975,1.3275
2024/9/11 22:00,0,24.01,12.6,2024,255,22,255.9166667,NA,4,4.215,2.65,NA,1.35,1.565,-0.84135,4.1075,1.4575
2024/9/11 23:00,0,23.87,12.6,2024,255,23,255.9583333,NA,3.845,3.965,2.775,NA,1.07,1.19,-4.3776,3.905,1.13
2024/9/12 0:00,0,23.745,12.6,2024,256,0,256,NA,4.04,3.975,2.57,NA,1.47,1.405,1.278165,4.0075,1.4375
2024/9/12 1:00,0,23.625,12.6,2024,256,1,256.0416667,NA,4.01,3.71,2.745,NA,1.265,0.965,-3.14515,3.86,1.115
2024/9/12 2:00,0,23.505,12.6,2024,256,2,256.0833333,NA,4.025,3.885,2.7,NA,1.325,1.185,-0.96555,3.955,1.255
2024/9/12 3:00,0,23.405,12.6,2024,256,3,256.125,NA,4.24,3.97,2.565,NA,1.675,1.405,-4.415535,4.105,1.54
2024/9/12 4:00,0,23.31,12.6,2024,256,4,256.1666667,NA,4.115,4.04,2.585,NA,1.53,1.455,-1.173625,4.0775,1.4925
2024/9/12 5:00,0,23.205,12.55,2024,256,5,256.2083333,NA,4.16,3.91,2.59,NA,1.57,1.32,-3.55055,4.035,1.445
2024/9/12 6:00,1.8755,23.105,12.5,2024,256,6,256.25,NA,4.275,3.915,2.435,NA,1.84,1.48,-3.0298,4.095,1.66
2024/9/12 7:00,102.385,23.05,12.5,2024,256,7,256.2916667,4.21,4.425,3.885,2.565,1.645,1.86,1.32,-0.5294,4.155,1.59
2024/9/12 8:00,315,23.045,12.5,2024,256,8,256.3333333,NA,4.25,3.825,2.455,NA,1.795,1.37,-5.3619,4.0375,1.5825
2024/9/12 9:00,204.35,23.235,12.5,2024,256,9,256.375,NA,4.125,3.855,2.51,NA,1.615,1.345,0.1384,3.99,1.48
2024/9/12 10:00,299.95,23.37,12.5,2024,256,10,256.4166667,NA,4.19,3.845,2.44,NA,1.75,1.405,6.8915,4.0175,1.5775
2024/9/12 11:00,264.7,23.5,12.4,2024,256,11,256.4583333,NA,4.12,3.89,2.305,NA,1.815,1.585,5.24735,4.005,1.7
2024/9/12 12:00,679.1,23.625,12.4,2024,256,12,256.5,NA,4.305,3.95,2.565,NA,1.74,1.385,5.5648,4.1275,1.5625
2024/9/12 13:00,406,24.12,12.4,2024,256,13,256.5416667,NA,4.28,3.995,2.425,NA,1.855,1.57,17.078,4.1375,1.7125
2024/9/12 14:00,706.35,24.34,12.4,2024,256,14,256.5833333,NA,4.33,4.01,2.605,NA,1.725,1.405,15.9765,4.17,1.565
2024/9/12 15:00,646.8,24.585,12.4,2024,256,15,256.625,NA,4.355,4.03,2.315,NA,2.04,1.715,12.066,4.1925,1.8775
2024/9/12 16:00,715.55,24.62,12.35,2024,256,16,256.6666667,NA,4.485,4.055,2.635,NA,1.85,1.42,13.849,4.27,1.635
2024/9/12 17:00,279.55,24.6,12.3,2024,256,17,256.7083333,NA,4.375,4.035,2.78,NA,1.595,1.255,8.51045,4.205,1.425
2024/9/12 18:00,25.85,24.3,12.3,2024,256,18,256.75,NA,4.465,3.995,2.75,NA,1.715,1.245,3.1196,4.23,1.48
2024/9/12 19:00,0,23.88,12.2,2024,256,19,256.7916667,NA,4.375,3.905,3.03,NA,1.345,0.875,1.32165,4.14,1.11
2024/9/12 20:00,0,23.48,12.2,2024,256,20,256.8333333,NA,4.215,3.86,2.815,NA,1.4,1.045,0.34773,4.0375,1.2225
2024/9/12 21:00,0,23.155,12.2,2024,256,21,256.875,NA,4.195,3.84,2.82,NA,1.375,1.02,-3.728075,4.0175,1.1975
2024/9/12 22:00,0,22.88,12.2,2024,256,22,256.9166667,NA,4.3,3.715,2.515,NA,1.785,1.2,-3.19355,4.0075,1.4925
2024/9/12 23:00,0,22.63,12.2,2024,256,23,256.9583333,NA,4.35,3.73,2.54,NA,1.81,1.19,-3.68906,4.04,1.5
2024/9/13 0:00,0,22.39,12.2,2024,257,0,257,NA,4.135,3.615,2.47,NA,1.665,1.145,0.64227,3.875,1.405
2024/9/13 1:00,0,22.145,12.2,2024,257,1,257.0416667,NA,4,3.56,2.36,NA,1.64,1.2,-0.373665,3.78,1.42
2024/9/13 2:00,0,21.94,12.2,2024,257,2,257.0833333,NA,3.895,3.55,2.46,NA,1.435,1.09,-0.52811,3.7225,1.2625
2024/9/13 3:00,0,21.76,12.2,2024,257,3,257.125,NA,4.39,3.535,2.42,NA,1.97,1.115,-0.75684,3.9625,1.5425
2024/9/13 4:00,0,21.54,12.1,2024,257,4,257.1666667,NA,4.1,3.295,2.26,NA,1.84,1.035,-0.760525,3.6975,1.4375
2024/9/13 5:00,0,21.33,12.1,2024,257,5,257.2083333,NA,3.87,3.33,2.38,NA,1.49,0.95,-0.800445,3.6,1.22
2024/9/13 6:00,62.3005,21.13,12.1,2024,257,6,257.25,NA,3.73,3.33,2.33,NA,1.4,1,-2.09145,3.53,1.2
2024/9/13 7:00,448.1,21.005,12.1,2024,257,7,257.2916667,NA,3.635,3.29,2.315,NA,1.32,0.975,4.2699,3.4625,1.1475
2024/9/13 8:00,834.5,21.12,12.1,2024,257,8,257.3333333,NA,3.7,3.365,2.29,NA,1.41,1.075,5.5441,3.5325,1.2425
2024/9/13 9:00,1120.5,21.63,12.1,2024,257,9,257.375,NA,4.11,3.74,2.74,NA,1.37,1,15.024,3.925,1.185
2024/9/13 10:00,1444.5,22.9,12.15,2024,257,10,257.4166667,NA,4.19,3.645,2.585,NA,1.605,1.06,18.428,3.9175,1.3325
2024/9/13 11:00,1568.5,25.25,12.2,2024,257,11,257.4583333,NA,4.18,3.84,2.835,NA,1.345,1.005,17.48,4.01,1.175
2024/9/13 12:00,1618,25.58,12.1,2024,257,12,257.5,NA,4.43,3.89,2.73,NA,1.7,1.16,18.424,4.16,1.43
2024/9/13 13:00,1504.5,26.865,12.1,2024,257,13,257.5416667,NA,4.76,4.155,2.885,NA,1.875,1.27,17.455,4.4575,1.5725
2024/9/13 14:00,1363,27.575,12.05,2024,257,14,257.5833333,NA,4.675,4.195,2.675,NA,2,1.52,16.153,4.435,1.76
2024/9/13 15:00,1029.5,26.95,12,2024,257,15,257.625,NA,4.78,4.49,2.81,NA,1.97,1.68,16.612,4.635,1.825
2024/9/13 16:00,620.4,26.52,12,2024,257,16,257.6666667,NA,4.955,4.24,2.78,NA,2.175,1.46,11.8085,4.5975,1.8175
2024/9/13 17:00,248.2,26.205,11.9,2024,257,17,257.7083333,NA,5.3,4.42,3.295,NA,2.005,1.125,8.3713,4.86,1.565
2024/9/13 18:00,17.6,25.825,11.9,2024,257,18,257.75,NA,5.32,4.46,2.805,NA,2.515,1.655,1.24565,4.89,2.085
2024/9/13 19:00,0,25.355,11.8,2024,257,19,257.7916667,NA,5.115,4.265,2.56,NA,2.555,1.705,7.9188,4.69,2.13
2024/9/13 20:00,0,24.945,11.8,2024,257,20,257.8333333,NA,5.21,3.97,2.81,NA,2.4,1.16,4.2144,4.59,1.78
2024/9/13 21:00,0,24.595,11.8,2024,257,21,257.875,NA,5.26,4.045,2.6,NA,2.66,1.445,3.47975,4.6525,2.0525
2024/9/13 22:00,0,24.3,11.8,2024,257,22,257.9166667,NA,4.835,3.89,2.615,NA,2.22,1.275,3.2744,4.3625,1.7475
2024/9/13 23:00,0,24.03,11.8,2024,257,23,257.9583333,NA,4.86,4.035,2.6,NA,2.26,1.435,-1.0296545,4.4475,1.8475
2024/9/14 0:00,0,23.815,11.8,2024,258,0,258,NA,4.75,3.92,2.61,NA,2.14,1.31,0.06845,4.335,1.725
2024/9/14 1:00,0,23.61,11.8,2024,258,1,258.0416667,NA,4.645,3.985,2.535,NA,2.11,1.45,3.17065,4.315,1.78
2024/9/14 2:00,0,23.445,11.8,2024,258,2,258.0833333,NA,4.785,3.885,2.65,NA,2.135,1.235,5.23515,4.335,1.685
2024/9/14 3:00,0,23.305,11.8,2024,258,3,258.125,NA,4.745,3.92,2.59,NA,2.155,1.33,2.09835,4.3325,1.7425
2024/9/14 4:00,0,23.21,11.8,2024,258,4,258.1666667,NA,4.725,3.9,2.63,NA,2.095,1.27,0.853935,4.3125,1.6825
2024/9/14 5:00,0,23.12,11.8,2024,258,5,258.2083333,NA,4.855,4.105,2.88,NA,1.975,1.225,2.5782,4.48,1.6
2024/9/14 6:00,59.25,23.015,11.8,2024,258,6,258.25,NA,4.695,3.865,2.54,NA,2.155,1.325,-1.1889805,4.28,1.74
2024/9/14 7:00,209.25,23.095,11.8,2024,258,7,258.2916667,NA,4.645,3.765,2.59,NA,2.055,1.175,-7.2925,4.205,1.615
2024/9/14 8:00,724.65,23.54,11.8,2024,258,8,258.3333333,NA,4.955,4.315,2.585,NA,2.37,1.73,11.9845,4.635,2.05
2024/9/14 9:00,1049,24.21,11.8,2024,258,9,258.375,NA,5.055,4.31,2.83,NA,2.225,1.48,9.50909,4.6825,1.8525
2024/9/14 10:00,1428.5,25.325,11.8,2024,258,10,258.4166667,NA,5.09,4.33,2.67,NA,2.42,1.66,14.9155,4.71,2.04
2024/9/14 11:00,1524,27.21,11.8,2024,258,11,258.4583333,NA,5.03,4.265,2.52,NA,2.51,1.745,21.5765,4.6475,2.1275
2024/9/14 12:00,1602,27.535,11.8,2024,258,12,258.5,NA,5.25,4.435,2.635,NA,2.615,1.8,18.845,4.8425,2.2075
2024/9/14 13:00,1339.5,28.85,11.8,2024,258,13,258.5416667,NA,5.685,4.685,2.96,NA,2.725,1.725,15.6695,5.185,2.225
2024/9/14 14:00,1104.5,29.59,11.75,2024,258,14,258.5833333,NA,5.6,4.565,2.825,NA,2.775,1.74,17.9575,5.0825,2.2575
2024/9/14 15:00,825.55,29.16,11.65,2024,258,15,258.625,NA,5.485,4.83,2.85,NA,2.635,1.98,17.434,5.1575,2.3075
2024/9/14 16:00,534.4,28.755,11.6,2024,258,16,258.6666667,NA,5.405,5.12,3.145,NA,2.26,1.975,13.4825,5.2625,2.1175
2024/9/14 17:00,260.25,28.455,11.6,2024,258,17,258.7083333,NA,5.8,5.235,3.52,NA,2.28,1.715,9.41735,5.5175,1.9975
2024/9/14 18:00,3.3705,28.075,11.6,2024,258,18,258.75,NA,5.995,5.21,3.95,NA,2.045,1.26,0.623775,5.6025,1.6525
2024/9/14 19:00,0,27.585,11.5,2024,258,19,258.7916667,NA,5.935,4.93,3.38,NA,2.555,1.55,0.33531,5.4325,2.0525
2024/9/14 20:00,0,27.185,11.5,2024,258,20,258.8333333,NA,6.4,4.805,3.225,NA,3.175,1.58,7.03975,5.6025,2.3775
2024/9/14 21:00,0,26.895,11.5,2024,258,21,258.875,NA,6.54,4.85,3.39,NA,3.15,1.46,5.1245,5.695,2.305
2024/9/14 22:00,0,26.655,11.45,2024,258,22,258.9166667,NA,6.38,4.96,3.38,NA,3,1.58,2.914,5.67,2.29
2024/9/14 23:00,0,26.32,11.4,2024,258,23,258.9583333,NA,5.555,4.735,2.96,NA,2.595,1.775,-1.3663,5.145,2.185
2024/9/15 0:00,0,25.955,11.4,2024,259,0,259,NA,5.39,4.465,2.865,NA,2.525,1.6,1.28895,4.9275,2.0625
2024/9/15 1:00,0,25.63,11.4,2024,259,1,259.0416667,NA,5.345,4.445,2.67,NA,2.675,1.775,0.459225,4.895,2.225
2024/9/15 2:00,0,25.325,11.4,2024,259,2,259.0833333,NA,5.21,4.485,2.59,NA,2.62,1.895,-3.037823,4.8475,2.2575
2024/9/15 3:00,0,25.06,11.4,2024,259,3,259.125,NA,5.135,4.495,2.73,NA,2.405,1.765,-2.301055,4.815,2.085
2024/9/15 4:00,0,24.795,11.4,2024,259,4,259.1666667,NA,5.025,4.36,2.41,NA,2.615,1.95,-0.939525,4.6925,2.2825
2024/9/15 5:00,0,24.555,11.4,2024,259,5,259.2083333,NA,4.905,4.18,2.46,NA,2.445,1.72,-1.2649,4.5425,2.0825
2024/9/15 6:00,48.75,24.355,11.4,2024,259,6,259.25,NA,5.01,4.195,2.625,NA,2.385,1.57,-0.33754,4.6025,1.9775
2024/9/15 7:00,229.85,24.245,11.4,2024,259,7,259.2916667,NA,4.755,4.13,2.55,NA,2.205,1.58,1.44555,4.4425,1.8925
2024/9/15 8:00,608.25,24.35,11.4,2024,259,8,259.3333333,NA,4.71,4.19,2.395,NA,2.315,1.795,4.34185,4.45,2.055
2024/9/15 9:00,1012.5,24.58,11.4,2024,259,9,259.375,NA,4.8,4.245,2.255,NA,2.545,1.99,11.602,4.5225,2.2675
2024/9/15 10:00,1368.5,25.375,11.4,2024,259,10,259.4166667,NA,4.705,4.215,2.465,NA,2.24,1.75,20.186,4.46,1.995
2024/9/15 11:00,1477,26.98,11.4,2024,259,11,259.4583333,NA,4.845,4.325,2.32,NA,2.525,2.005,21.4115,4.585,2.265
2024/9/15 12:00,1327.5,27.425,11.4,2024,259,12,259.5,NA,5.13,4.405,2.3,NA,2.83,2.105,16.8895,4.7675,2.4675
2024/9/15 13:00,1375,28.61,11.4,2024,259,13,259.5416667,NA,5.1,4.515,2.7,NA,2.4,1.815,16.451,4.8075,2.1075
2024/9/15 14:00,1246,29.015,11.35,2024,259,14,259.5833333,NA,5.065,4.77,2.52,NA,2.545,2.25,18.32,4.9175,2.3975
2024/9/15 15:00,759.45,28.555,11.25,2024,259,15,259.625,NA,5.13,4.7,2.355,NA,2.775,2.345,16.2215,4.915,2.56
2024/9/15 16:00,170.15,28.115,11.2,2024,259,16,259.6666667,NA,5,4.79,2.695,NA,2.305,2.095,12.8215,4.895,2.2
2024/9/15 17:00,122.9,27.65,11.2,2024,259,17,259.7083333,NA,5.315,4.82,2.865,NA,2.45,1.955,7.8551,5.0675,2.2025
2024/9/15 18:00,0,27.19,11.2,2024,259,18,259.75,NA,5.465,4.945,2.835,NA,2.63,2.11,2.4641,5.205,2.37
2024/9/15 19:00,0,26.72,11.15,2024,259,19,259.7916667,NA,5.475,4.79,2.755,NA,2.72,2.035,2.54685,5.1325,2.3775
2024/9/15 20:00,0,26.32,11.1,2024,259,20,259.8333333,NA,5.43,4.635,2.68,NA,2.75,1.955,1.7841,5.0325,2.3525
2024/9/15 21:00,0,25.925,11.1,2024,259,21,259.875,NA,5.16,4.645,2.835,NA,2.325,1.81,1.1486,4.9025,2.0675
2024/9/15 22:00,0,25.5,11.1,2024,259,22,259.9166667,NA,4.96,4.405,2.5,NA,2.46,1.905,-0.171615,4.6825,2.1825
2024/9/15 23:00,0,25.1,11.1,2024,259,23,259.9583333,NA,4.79,4.305,2.48,NA,2.31,1.825,-0.759155,4.5475,2.0675
2024/9/16 0:00,0,24.725,11.05,2024,260,0,260,NA,4.665,4.285,2.42,NA,2.245,1.865,-1.2109,4.475,2.055
2024/9/16 1:00,0,24.38,11,2024,260,1,260.0416667,NA,4.485,4.105,2.415,NA,2.07,1.69,-1.80435,4.295,1.88
2024/9/16 2:00,0,24.085,11,2024,260,2,260.0833333,NA,4.37,4.02,2.455,NA,1.915,1.565,-2.21905,4.195,1.74
2024/9/16 3:00,0,23.795,11,2024,260,3,260.125,NA,4.545,4.15,2.36,NA,2.185,1.79,-2.10525,4.3475,1.9875
2024/9/16 4:00,0,23.515,11,2024,260,4,260.1666667,NA,4.38,4.01,2.295,NA,2.085,1.715,-2.3383,4.195,1.9
2024/9/16 5:00,0,23.23,11,2024,260,5,260.2083333,NA,4.19,3.89,2.39,NA,1.8,1.5,-3.09685,4.04,1.65
2024/9/16 6:00,59.65,22.97,11,2024,260,6,260.25,NA,4.12,3.895,2.23,NA,1.89,1.665,-3.05695,4.0075,1.7775
2024/9/16 7:00,384,22.795,11,2024,260,7,260.2916667,NA,4.08,3.755,2.27,NA,1.81,1.485,6.2998,3.9175,1.6475
2024/9/16 8:00,827.6,22.915,11,2024,260,8,260.3333333,NA,4.155,3.875,2.315,NA,1.84,1.56,-8.0113,4.015,1.7
2024/9/16 9:00,897,23.285,11,2024,260,9,260.375,NA,4.325,4,2.305,NA,2.02,1.695,5.94215,4.1625,1.8575
2024/9/16 10:00,1248,24.015,11,2024,260,10,260.4166667,NA,4.44,4.125,2.405,NA,2.035,1.72,16.7145,4.2825,1.8775
2024/9/16 11:00,1491,25.745,11,2024,260,11,260.4583333,NA,4.5,4.225,2.195,NA,2.305,2.03,17.3455,4.3625,2.1675
2024/9/16 12:00,1636.5,26.09,11,2024,260,12,260.5,NA,4.75,4.305,2.37,NA,2.38,1.935,17.928,4.5275,2.1575
2024/9/16 13:00,1367,27.535,10.85,2024,260,13,260.5416667,NA,5.1,4.65,2.525,NA,2.575,2.125,19.0005,4.875,2.35
2024/9/16 14:00,1210,28.66,11,2024,260,14,260.5833333,NA,4.67,4.58,2.54,NA,2.13,2.04,17.3535,4.625,2.085
2024/9/16 15:00,946.4,27.99,11,2024,260,15,260.625,NA,4.885,4.67,2.32,NA,2.565,2.35,16.994,4.7775,2.4575
2024/9/16 16:00,624.3,27.335,10.9,2024,260,16,260.6666667,NA,4.795,4.45,2.27,NA,2.525,2.18,12.5675,4.6225,2.3525
2024/9/16 17:00,247.2,26.8,10.85,2024,260,17,260.7083333,NA,4.785,4.65,2.29,NA,2.495,2.36,7.9695,4.7175,2.4275
2024/9/16 18:00,14.24,26.285,10.8,2024,260,18,260.75,NA,4.63,4.43,2.67,NA,1.96,1.76,7.8002,4.53,1.86
2024/9/16 19:00,0,25.75,10.8,2024,260,19,260.7916667,NA,4.695,4.455,2.305,NA,2.39,2.15,1.52945,4.575,2.27
2024/9/16 20:00,0,25.24,10.8,2024,260,20,260.8333333,NA,4.685,4.31,2.37,NA,2.315,1.94,0.96115,4.4975,2.1275
2024/9/16 21:00,0,24.79,10.8,2024,260,21,260.875,NA,4.545,4.07,2.32,NA,2.225,1.75,0.879895,4.3075,1.9875
2024/9/16 22:00,0,24.44,10.8,2024,260,22,260.9166667,NA,4.415,3.685,2.185,NA,2.23,1.5,0.35164,4.05,1.865
2024/9/16 23:00,0,24.12,10.8,2024,260,23,260.9583333,NA,4.44,3.72,2.37,NA,2.07,1.35,0.504845,4.08,1.71
2024/9/17 0:00,0,23.825,10.8,2024,261,0,261,NA,4.275,3.795,2.225,NA,2.05,1.57,-0.31677,4.035,1.81
2024/9/17 1:00,0,23.55,10.7,2024,261,1,261.0416667,NA,4.26,3.645,2.17,NA,2.09,1.475,-1.3878,3.9525,1.7825
2024/9/17 2:00,0,23.265,10.7,2024,261,2,261.0833333,NA,4.235,3.515,2.13,NA,2.105,1.385,-2.80385,3.875,1.745
2024/9/17 3:00,0,23.015,10.7,2024,261,3,261.125,NA,4.205,3.625,2.16,NA,2.045,1.465,-2.88315,3.915,1.755
2024/9/17 4:00,0,22.785,10.7,2024,261,4,261.1666667,NA,4.125,3.43,2.175,NA,1.95,1.255,-3.018,3.7775,1.6025
2024/9/17 5:00,0,22.565,10.7,2024,261,5,261.2083333,NA,4.08,3.495,2.2,NA,1.88,1.295,-3.3165,3.7875,1.5875
2024/9/17 6:00,54.4,22.37,10.7,2024,261,6,261.25,NA,4.09,3.375,2.17,NA,1.92,1.205,-1.798885,3.7325,1.5625
2024/9/17 7:00,447.35,22.26,10.7,2024,261,7,261.2916667,NA,3.97,3.45,2.11,NA,1.86,1.34,4.21885,3.71,1.6
2024/9/17 8:00,793.9,22.385,10.7,2024,261,8,261.3333333,NA,4.135,3.41,2.175,NA,1.96,1.235,1.1741,3.7725,1.5975
2024/9/17 9:00,1249.5,22.89,10.7,2024,261,9,261.375,NA,4.5,3.815,2.24,NA,2.26,1.575,13.0349,4.1575,1.9175
2024/9/17 10:00,1142.5,24.01,10.7,2024,261,10,261.4166667,NA,4.555,3.785,2.15,NA,2.405,1.635,17.03,4.17,2.02
2024/9/17 11:00,1365,25.45,10.7,2024,261,11,261.4583333,NA,4.515,3.97,2.38,NA,2.135,1.59,14.7635,4.2425,1.8625
2024/9/17 12:00,1391,26.13,10.7,2024,261,12,261.5,NA,4.635,4.15,2.355,NA,2.28,1.795,19.4315,4.3925,2.0375
2024/9/17 13:00,1293,27.32,10.7,2024,261,13,261.5416667,NA,4.685,4.24,2.39,NA,2.295,1.85,12.6585,4.4625,2.0725
2024/9/17 14:00,720.65,28.175,10.7,2024,261,14,261.5833333,NA,4.74,4.23,2.425,NA,2.315,1.805,16.5095,4.485,2.06
2024/9/17 15:00,823,27.71,10.65,2024,261,15,261.625,NA,4.665,4.34,2.295,NA,2.37,2.045,14.983,4.5025,2.2075
2024/9/17 16:00,628.75,27.2,10.6,2024,261,16,261.6666667,NA,4.835,4.37,2.66,NA,2.175,1.71,13.3265,4.6025,1.9425
2024/9/17 17:00,237.05,26.775,10.6,2024,261,17,261.7083333,NA,4.87,4.29,2.625,NA,2.245,1.665,9.53225,4.58,1.955
2024/9/17 18:00,8.615,26.335,10.5,2024,261,18,261.75,NA,4.87,4.39,2.59,NA,2.28,1.8,5.32385,4.63,2.04
2024/9/17 19:00,0,25.885,10.5,2024,261,19,261.7916667,NA,4.91,4.295,2.53,NA,2.38,1.765,0.82792,4.6025,2.0725
2024/9/17 20:00,0,25.475,10.5,2024,261,20,261.8333333,NA,4.825,4.14,2.59,NA,2.235,1.55,0.30878,4.4825,1.8925
2024/9/17 21:00,0,25.12,10.45,2024,261,21,261.875,NA,4.87,4.075,2.62,NA,2.25,1.455,-0.443835,4.4725,1.8525
2024/9/17 22:00,0,24.795,10.4,2024,261,22,261.9166667,NA,4.865,4.085,2.51,NA,2.355,1.575,-0.898165,4.475,1.965
2024/9/17 23:00,0,24.51,10.4,2024,261,23,261.9583333,NA,4.765,3.965,2.37,NA,2.395,1.595,-1.4414,4.365,1.995
2024/9/18 0:00,0,24.245,10.4,2024,262,0,262,NA,4.71,4.05,2.565,NA,2.145,1.485,-1.66355,4.38,1.815
2024/9/18 1:00,0,24.015,10.4,2024,262,1,262.0416667,NA,4.7,4.05,2.24,NA,2.46,1.81,-1.9376,4.375,2.135
2024/9/18 2:00,0,23.785,10.4,2024,262,2,262.0833333,NA,4.45,3.855,2.34,NA,2.11,1.515,-2.66005,4.1525,1.8125
2024/9/18 3:00,0,23.575,10.4,2024,262,3,262.125,NA,4.475,3.75,2.48,NA,1.995,1.27,-2.9498,4.1125,1.6325
2024/9/18 4:00,0,23.38,10.4,2024,262,4,262.1666667,NA,4.37,3.86,2.375,NA,1.995,1.485,-3.04045,4.115,1.74
2024/9/18 5:00,0,23.215,10.4,2024,262,5,262.2083333,NA,4.305,3.89,2.26,NA,2.045,1.63,-3.16085,4.0975,1.8375
2024/9/18 6:00,70.876,23.06,10.4,2024,262,6,262.25,NA,4.305,3.9,2.31,NA,1.995,1.59,-1.543362,4.1025,1.7925
2024/9/18 7:00,250.85,23.01,10.4,2024,262,7,262.2916667,NA,4.39,3.87,2.245,NA,2.145,1.625,0.071205,4.13,1.885
2024/9/18 8:00,640.65,23.25,10.4,2024,262,8,262.3333333,NA,4.41,3.975,2.515,NA,1.895,1.46,6.2009,4.1925,1.6775
2024/9/18 9:00,987.5,23.83,10.4,2024,262,9,262.375,NA,4.57,4.14,2.425,NA,2.145,1.715,5.6849,4.355,1.93
2024/9/18 10:00,1034,24.76,10.4,2024,262,10,262.4166667,NA,4.815,4.115,2.29,NA,2.525,1.825,10.6955,4.465,2.175
2024/9/18 11:00,1082.5,25.92,10.4,2024,262,11,262.4583333,NA,4.74,4.395,2.25,NA,2.49,2.145,18.159,4.5675,2.3175
2024/9/18 12:00,1344,26.685,10.4,2024,262,12,262.5,NA,4.83,4.345,2.565,NA,2.265,1.78,16.6635,4.5875,2.0225
2024/9/18 13:00,1502,27.85,10.4,2024,262,13,262.5416667,NA,4.98,4.61,2.65,NA,2.33,1.96,17.934,4.795,2.145
2024/9/18 14:00,1230.5,28.8,10.4,2024,262,14,262.5833333,NA,5.01,4.57,2.495,NA,2.515,2.075,16.742,4.79,2.295
2024/9/18 15:00,651.2,28.485,10.4,2024,262,15,262.625,NA,5,4.785,2.43,NA,2.57,2.355,16.1905,4.8925,2.4625
2024/9/18 16:00,599.15,27.95,10.3,2024,262,16,262.6666667,NA,5.015,4.685,2.71,NA,2.305,1.975,11.832,4.85,2.14
2024/9/18 17:00,223.2,27.53,10.3,2024,262,17,262.7083333,NA,5.06,4.725,2.895,NA,2.165,1.83,10.449,4.8925,1.9975
2024/9/18 18:00,8.24,27.075,10.2,2024,262,18,262.75,NA,5.315,4.7,2.735,NA,2.58,1.965,NA,5.0075,2.2725
2024/9/18 19:00,0,26.595,10.2,2024,262,19,262.7916667,NA,5.115,4.625,2.64,NA,2.475,1.985,4.7278,4.87,2.23
2024/9/18 20:00,0,26.175,10.2,2024,262,20,262.8333333,NA,5.115,4.565,2.83,NA,2.285,1.735,1.48375,4.84,2.01
2024/9/18 21:00,0,25.815,10.2,2024,262,21,262.875,NA,5.17,4.33,2.845,NA,2.325,1.485,1.097825,4.75,1.905
2024/9/18 22:00,0,25.485,10.2,2024,262,22,262.9166667,NA,5.06,4.32,2.645,NA,2.415,1.675,0.85734,4.69,2.045
2024/9/18 23:00,0,25.19,10.2,2024,262,23,262.9583333,NA,5.115,4.445,2.655,NA,2.46,1.79,0.67921,4.78,2.125
2024/9/19 0:00,0,24.915,10.2,2024,263,0,263,NA,4.93,4.305,2.475,NA,2.455,1.83,0.23486,4.6175,2.1425
2024/9/19 1:00,0,24.66,10.15,2024,263,1,263.0416667,NA,4.86,4.245,2.585,NA,2.275,1.66,-0.14878,4.5525,1.9675
2024/9/19 2:00,0,24.43,10.1,2024,263,2,263.0833333,NA,4.89,4.245,2.585,NA,2.305,1.66,-0.130865,4.5675,1.9825
2024/9/19 3:00,0,24.23,10.1,2024,263,3,263.125,NA,4.875,4.23,2.425,NA,2.45,1.805,-0.11769,4.5525,2.1275
2024/9/19 4:00,0,24.025,10.1,2024,263,4,263.1666667,NA,4.71,4.225,2.495,NA,2.215,1.73,-0.15042,4.4675,1.9725
2024/9/19 5:00,0,23.86,10.1,2024,263,5,263.2083333,NA,4.71,4.255,2.575,NA,2.135,1.68,-0.145775,4.4825,1.9075
2024/9/19 6:00,42.75,23.84,10.1,2024,263,6,263.25,NA,4.635,4.085,2.485,NA,2.15,1.6,-0.12374,4.36,1.875
2024/9/19 7:00,159,23.93,10.1,2024,263,7,263.2916667,NA,4.74,4.2,2.565,NA,2.175,1.635,NA,4.47,1.905
2024/9/19 8:00,425.55,24.225,10.1,2024,263,8,263.3333333,NA,4.94,4.375,2.705,NA,2.235,1.67,4.0771,4.6575,1.9525
2024/9/19 9:00,1009,24.695,10.1,2024,263,9,263.375,NA,4.995,4.425,2.285,NA,2.71,2.14,7.9736,4.71,2.425
2024/9/19 10:00,1361.5,25.41,10.1,2024,263,10,263.4166667,NA,5.345,4.235,2.425,NA,2.92,1.81,16.8965,4.79,2.365
2024/9/19 11:00,1470,27.165,10.15,2024,263,11,263.4583333,NA,5.125,4.375,2.455,NA,2.67,1.92,17.4605,4.75,2.295
2024/9/19 12:00,1345.5,27.66,10.15,2024,263,12,263.5,NA,4.985,4.61,2.615,NA,2.37,1.995,19.4,4.7975,2.1825
2024/9/19 13:00,1526.5,28.425,10.1,2024,263,13,263.5416667,NA,4.89,4.74,2.645,NA,2.245,2.095,15.47,4.815,2.17
2024/9/19 14:00,1346.5,29.37,10.1,2024,263,14,263.5833333,NA,4.945,4.725,2.5,NA,2.445,2.225,16.19,4.835,2.335
2024/9/19 15:00,981.5,28.99,10.05,2024,263,15,263.625,NA,4.975,4.92,2.48,NA,2.495,2.44,15.045,4.9475,2.4675
2024/9/19 16:00,584.55,28.485,10,2024,263,16,263.6666667,NA,5.09,4.93,3.06,NA,2.03,1.87,11.0119,5.01,1.95
2024/9/19 17:00,226.55,28,10,2024,263,17,263.7083333,NA,5.06,4.825,2.75,NA,2.31,2.075,8.9702,4.9425,2.1925
2024/9/19 18:00,8.24,27.51,9.9,2024,263,18,263.75,NA,5.145,5.05,2.57,NA,2.575,2.48,NA,5.0975,2.5275
2024/9/19 19:00,0,27.02,9.9,2024,263,19,263.7916667,NA,5.185,4.78,2.75,NA,2.435,2.03,5.8346,4.9825,2.2325
2024/9/19 20:00,0,26.57,9.8,2024,263,20,263.8333333,NA,5.01,4.58,2.675,NA,2.335,1.905,1.73058,4.795,2.12
2024/9/19 21:00,0,26.175,9.8,2024,263,21,263.875,NA,5.09,4.59,2.63,NA,2.46,1.96,1.21185,4.84,2.21
2024/9/19 22:00,0,25.82,9.8,2024,263,22,263.9166667,NA,5.08,4.49,2.745,NA,2.335,1.745,1.4348,4.785,2.04
2024/9/19 23:00,0,25.5,9.8,2024,263,23,263.9583333,NA,5.06,4.435,2.605,NA,2.455,1.83,1.2892,4.7475,2.1425
2024/9/20 0:00,0,25.21,9.8,2024,264,0,264,NA,5.085,4.365,2.535,NA,2.55,1.83,0.743685,4.725,2.19
2024/9/20 1:00,0,24.93,9.8,2024,264,1,264.0416667,NA,4.735,4.245,2.53,NA,2.205,1.715,1.18238,4.49,1.96
2024/9/20 2:00,0,24.675,9.8,2024,264,2,264.0833333,NA,4.78,4.14,2.57,NA,2.21,1.57,0.796745,4.46,1.89
2024/9/20 3:00,0,24.46,9.8,2024,264,3,264.125,NA,4.82,4.195,2.43,NA,2.39,1.765,-3.416245,4.5075,2.0775
2024/9/20 4:00,0,24.27,9.8,2024,264,4,264.1666667,NA,4.84,4.235,2.525,NA,2.315,1.71,0.12011,4.5375,2.0125
2024/9/20 5:00,0,24.085,9.8,2024,264,5,264.2083333,NA,4.695,3.96,2.385,NA,2.31,1.575,0.100001,4.3275,1.9425
2024/9/20 6:00,54,23.91,9.8,2024,264,6,264.25,NA,4.76,4.16,2.425,NA,2.335,1.735,0.16701,4.46,2.035
2024/9/20 7:00,236.6,23.875,9.8,2024,264,7,264.2916667,NA,4.615,4.08,2.54,NA,2.075,1.54,1.8649,4.3475,1.8075
2024/9/20 8:00,644.25,24.17,9.8,2024,264,8,264.3333333,NA,4.75,4.265,2.7,NA,2.05,1.565,-1.11055,4.5075,1.8075
2024/9/20 9:00,1027,24.76,9.8,2024,264,9,264.375,NA,4.88,4.39,2.44,NA,2.44,1.95,6.4759,4.635,2.195
2024/9/20 10:00,1277.5,25.495,9.8,2024,264,10,264.4166667,NA,5.235,4.405,2.365,NA,2.87,2.04,16.657,4.82,2.455
2024/9/20 11:00,1561.5,27.185,9.8,2024,264,11,264.4583333,NA,5.085,4.485,2.485,NA,2.6,2,15.869,4.785,2.3
2024/9/20 12:00,1394.5,27.86,9.8,2024,264,12,264.5,NA,4.955,4.75,2.45,NA,2.505,2.3,18.0735,4.8525,2.4025
2024/9/20 13:00,1117.25,28.845,9.8,2024,264,13,264.5416667,NA,4.945,4.865,2.53,NA,2.415,2.335,17.5655,4.905,2.375
2024/9/20 14:00,1150,29.405,9.8,2024,264,14,264.5833333,NA,5.015,4.89,2.6,NA,2.415,2.29,14.992,4.9525,2.3525
2024/9/20 15:00,955.5,28.975,9.7,2024,264,15,264.625,NA,5.02,4.985,2.535,NA,2.485,2.45,14.7085,5.0025,2.4675
2024/9/20 16:00,562.1,28.53,9.65,2024,264,16,264.6666667,NA,5.055,4.93,2.805,NA,2.25,2.125,11.237,4.9925,2.1875
2024/9/20 17:00,207.45,28.115,9.6,2024,264,17,264.7083333,NA,5.165,4.955,2.7,NA,2.465,2.255,10.236,5.06,2.36
2024/9/20 18:00,4.495,27.675,9.6,2024,264,18,264.75,NA,5.92,5.14,2.705,NA,3.215,2.435,NA,5.53,2.825
2024/9/20 19:00,0,27.18,9.6,2024,264,19,264.7916667,NA,5.39,5.005,2.66,NA,2.73,2.345,NA,5.1975,2.5375
2024/9/20 20:00,0,26.735,9.5,2024,264,20,264.8333333,NA,5.1,4.605,2.49,NA,2.61,2.115,4.79215,4.8525,2.3625
2024/9/20 21:00,0,26.355,9.5,2024,264,21,264.875,NA,5.04,4.61,2.7,NA,2.34,1.91,2.1946,4.825,2.125
2024/9/20 22:00,0,26.01,9.5,2024,264,22,264.9166667,NA,5.085,4.595,2.655,NA,2.43,1.94,1.43195,4.84,2.185
2024/9/20 23:00,0,25.695,9.5,2024,264,23,264.9583333,NA,4.99,4.665,2.595,NA,2.395,2.07,1.23825,4.8275,2.2325
2024/9/21 0:00,0,25.4,9.4,2024,265,0,265,NA,4.98,4.43,2.565,NA,2.415,1.865,1.329,4.705,2.14
2024/9/21 1:00,0,25.145,9.4,2024,265,1,265.0416667,NA,4.82,4.39,2.425,NA,2.395,1.965,0.92378,4.605,2.18
2024/9/21 2:00,0,24.905,9.4,2024,265,2,265.0833333,NA,4.885,4.37,2.36,NA,2.525,2.01,0.816275,4.6275,2.2675
2024/9/21 3:00,0,24.68,9.4,2024,265,3,265.125,NA,4.82,4.42,2.345,NA,2.475,2.075,0.26106,4.62,2.275
2024/9/21 4:00,0,24.465,9.4,2024,265,4,265.1666667,NA,4.755,4.21,2.57,NA,2.185,1.64,-0.117435,4.4825,1.9125
2024/9/21 5:00,0,24.265,9.4,2024,265,5,265.2083333,NA,4.71,4.3,2.385,NA,2.325,1.915,-0.1087565,4.505,2.12
2024/9/21 6:00,57.35,24.06,9.45,2024,265,6,265.25,NA,4.72,4.22,2.405,NA,2.315,1.815,-0.076181,4.47,2.065
2024/9/21 7:00,375.95,23.92,9.4,2024,265,7,265.2916667,NA,4.56,4.16,2.505,NA,2.055,1.655,4.4917,4.36,1.855
2024/9/21 8:00,739.05,24.065,9.4,2024,265,8,265.3333333,NA,4.745,4.26,2.435,NA,2.31,1.825,6.92485,4.5025,2.0675
2024/9/21 9:00,1064,24.48,9.4,2024,265,9,265.375,NA,5.13,4.47,2.655,NA,2.475,1.815,13.5725,4.8,2.145
2024/9/21 10:00,1150.5,22.93,8.4,2024,265,10,265.4166667,NA,5.265,4.55,2.59,NA,2.675,1.96,18.969,4.9075,2.3175
2024/9/21 11:00,1395,26.63,9.45,2024,265,11,265.4583333,NA,5,4.625,2.425,NA,2.575,2.2,16.561,4.8125,2.3875
2024/9/21 12:00,1403.5,27.625,9.4,2024,265,12,265.5,NA,4.995,4.79,2.39,NA,2.605,2.4,16.1975,4.8925,2.5025
2024/9/21 13:00,1098.5,28.785,9.4,2024,265,13,265.5416667,NA,4.99,5.05,2.62,NA,2.37,2.43,12.1905,5.02,2.4
2024/9/21 14:00,1189,29.195,9.4,2024,265,14,265.5833333,NA,5.08,4.975,2.585,NA,2.495,2.39,10.647,5.0275,2.4425
2024/9/21 15:00,969.5,28.975,9.4,2024,265,15,265.625,NA,5.085,4.99,2.545,NA,2.54,2.445,14.3155,5.0375,2.4925
2024/9/21 16:00,396.95,28.655,9.3,2024,265,16,265.6666667,NA,5.15,5.11,2.685,NA,2.465,2.425,12.6125,5.13,2.445
2024/9/21 17:00,197,28.18,9.25,2024,265,17,265.7083333,NA,5.21,4.935,2.8,NA,2.41,2.135,10.02725,5.0725,2.2725
2024/9/21 18:00,1.4985,27.68,9.25,2024,265,18,265.75,NA,5.265,4.88,2.615,NA,2.65,2.265,6.73615,5.0725,2.4575
2024/9/21 19:00,0,27.135,9.2,2024,265,19,265.7916667,NA,5.165,4.99,2.54,NA,2.625,2.45,3.20255,5.0775,2.5375
2024/9/21 20:00,0,26.66,9.2,2024,265,20,265.8333333,NA,5,4.6,2.71,NA,2.29,1.89,1.72485,4.8,2.09
2024/9/21 21:00,0,26.26,9.2,2024,265,21,265.875,NA,5.02,4.735,2.765,NA,2.255,1.97,1.30045,4.8775,2.1125
2024/9/21 22:00,0,25.91,9.1,2024,265,22,265.9166667,NA,4.9,4.535,2.6,NA,2.3,1.935,0.694185,4.7175,2.1175
2024/9/21 23:00,0,25.61,9.1,2024,265,23,265.9583333,NA,5.06,4.525,2.655,NA,2.405,1.87,0.31063,4.7925,2.1375
2024/9/22 0:00,0,25.36,9.1,2024,266,0,266,NA,4.885,4.4,2.53,NA,2.355,1.87,0.75494,4.6425,2.1125
2024/9/22 1:00,0,25.18,9.1,2024,266,1,266.0416667,NA,4.89,4.55,2.7,NA,2.19,1.85,1.45937,4.72,2.02
2024/9/22 2:00,0,24.965,9.1,2024,266,2,266.0833333,NA,5.525,4.45,2.505,NA,3.02,1.945,1.05055,4.9875,2.4825
2024/9/22 3:00,0,24.75,9.1,2024,266,3,266.125,NA,5.08,4.41,2.735,NA,2.345,1.675,0.87282,4.745,2.01
2024/9/22 4:00,0,24.54,9.05,2024,266,4,266.1666667,NA,4.955,4.395,2.56,NA,2.395,1.835,0.171535,4.675,2.115
2024/9/22 5:00,0,24.32,9,2024,266,5,266.2083333,NA,4.68,4.465,2.58,NA,2.1,1.885,0.16759,4.5725,1.9925
2024/9/22 6:00,46.1,24.155,9,2024,266,6,266.25,NA,4.805,4.365,2.435,NA,2.37,1.93,0.13274,4.585,2.15
2024/9/22 7:00,292.85,24.13,9,2024,266,7,266.2916667,NA,4.885,4.55,2.735,NA,2.15,1.815,4.237,4.7175,1.9825
2024/9/22 8:00,637.75,24.315,9,2024,266,8,266.3333333,NA,4.795,4.41,2.53,NA,2.265,1.88,NA,4.6025,2.0725
2024/9/22 9:00,885,24.765,9,2024,266,9,266.375,NA,4.845,4.48,2.36,NA,2.485,2.12,4.94225,4.6625,2.3025
2024/9/22 10:00,1161,25.44,9,2024,266,10,266.4166667,NA,4.94,4.57,2.415,NA,2.525,2.155,12.21945,4.755,2.34
2024/9/22 11:00,1597,26.78,9.1,2024,266,11,266.4583333,NA,4.87,4.745,2.5,NA,2.37,2.245,17.31,4.8075,2.3075
2024/9/22 12:00,1343,27.445,9.1,2024,266,12,266.5,NA,4.9,4.86,2.305,NA,2.595,2.555,20.088,4.88,2.575
2024/9/22 13:00,1025,28.22,9.1,2024,266,13,266.5416667,NA,4.97,4.93,2.5,NA,2.47,2.43,15.873,4.95,2.45
2024/9/22 14:00,1075.25,28.435,9.05,2024,266,14,266.5833333,NA,5.13,4.845,2.595,NA,2.535,2.25,12.3835,4.9875,2.3925
2024/9/22 15:00,730.6,28.185,9.05,2024,266,15,266.625,NA,5.13,4.91,2.365,NA,2.765,2.545,11.7716,5.02,2.655
2024/9/22 16:00,440.8,27.955,9,2024,266,16,266.6666667,NA,5.215,5.08,2.665,NA,2.55,2.415,11.9795,5.1475,2.4825
2024/9/22 17:00,194.35,27.635,8.9,2024,266,17,266.7083333,NA,5.39,4.955,2.73,NA,2.66,2.225,10.07525,5.1725,2.4425
2024/9/22 18:00,0.3745,27.205,8.9,2024,266,18,266.75,NA,5.455,4.91,2.58,NA,2.875,2.33,5.5208,5.1825,2.6025
2024/9/22 19:00,0,26.74,8.9,2024,266,19,266.7916667,NA,5.235,4.9,2.57,NA,2.665,2.33,4.12865,5.0675,2.4975
2024/9/22 20:00,0,26.305,8.9,2024,266,20,266.8333333,NA,5.225,4.695,2.715,NA,2.51,1.98,2.0976,4.96,2.245
2024/9/22 21:00,0,25.945,8.9,2024,266,21,266.875,NA,4.99,4.52,2.73,NA,2.26,1.79,1.72845,4.755,2.025
2024/9/22 22:00,0,25.61,8.8,2024,266,22,266.9166667,NA,5.18,4.575,2.545,NA,2.635,2.03,1.4738,4.8775,2.3325
2024/9/22 23:00,0,25.3,8.8,2024,266,23,266.9583333,NA,5.15,4.55,2.555,NA,2.595,1.995,1.3858,4.85,2.295
2024/9/23 0:00,0,25.025,8.8,2024,267,0,267,NA,5.025,4.595,2.575,NA,2.45,2.02,0.109975,4.81,2.235
2024/9/23 1:00,0,24.78,8.8,2024,267,1,267.0416667,NA,4.91,4.48,2.54,NA,2.37,1.94,0.74381,4.695,2.155
2024/9/23 2:00,0,24.575,8.8,2024,267,2,267.0833333,NA,4.945,4.615,2.37,NA,2.575,2.245,0.500655,4.78,2.41
2024/9/23 3:00,0,24.375,8.8,2024,267,3,267.125,NA,4.89,4.51,2.285,NA,2.605,2.225,0.30126,4.7,2.415
2024/9/23 4:00,0,24.195,8.75,2024,267,4,267.1666667,NA,4.86,4.335,2.465,NA,2.395,1.87,0.382875,4.5975,2.1325
2024/9/23 5:00,0,24.015,8.7,2024,267,5,267.2083333,NA,4.81,4.435,2.47,NA,2.34,1.965,0.36384,4.6225,2.1525
2024/9/23 6:00,51.75,23.835,8.7,2024,267,6,267.25,NA,4.765,4.375,2.4,NA,2.365,1.975,0.27296,4.57,2.17
2024/9/23 7:00,182.6,23.76,8.7,2024,267,7,267.2916667,NA,4.76,4.305,2.365,NA,2.395,1.94,6.7232,4.5325,2.1675
2024/9/23 8:00,733.25,23.95,8.7,2024,267,8,267.3333333,NA,4.685,4.415,2.525,NA,2.16,1.89,-14.272,4.55,2.025
2024/9/23 9:00,1063,24.375,8.7,2024,267,9,267.375,NA,4.69,4.4,2.31,NA,2.38,2.09,9.8539,4.545,2.235
2024/9/23 10:00,1194,24.85,8.7,2024,267,10,267.4166667,NA,4.8,4.53,2.57,NA,2.23,1.96,11.4209,4.665,2.095
2024/9/23 11:00,1466.5,25.775,8.7,2024,267,11,267.4583333,NA,5.005,4.425,2.315,NA,2.69,2.11,17.267,4.715,2.4
2024/9/23 12:00,1299.5,26.685,8.7,2024,267,12,267.5,NA,4.74,4.685,2.275,NA,2.465,2.41,24.0725,4.7125,2.4375
2024/9/23 13:00,992.9,27.855,8.7,2024,267,13,267.5416667,NA,4.69,4.875,2.36,NA,2.33,2.515,23.4665,4.7825,2.4225
2024/9/23 14:00,743.95,28.4,8.7,2024,267,14,267.5833333,NA,4.715,4.915,2.545,NA,2.17,2.37,19.505,4.815,2.27
2024/9/23 15:00,918.8,28.33,8.7,2024,267,15,267.625,NA,4.72,4.86,2.33,NA,2.39,2.53,16.303,4.79,2.46
2024/9/23 16:00,254.75,27.985,8.7,2024,267,16,267.6666667,NA,4.71,4.88,2.56,NA,2.15,2.32,14.105,4.795,2.235
2024/9/23 17:00,91.435,27.64,8.65,2024,267,17,267.7083333,NA,4.8,4.985,2.51,NA,2.29,2.475,7.57485,4.8925,2.3825
2024/9/23 18:00,0,27.21,8.6,2024,267,18,267.75,NA,4.815,4.98,2.405,NA,2.41,2.575,1.55575,4.8975,2.4925
2024/9/23 19:00,0,26.71,8.55,2024,267,19,267.7916667,NA,4.765,4.76,2.61,NA,2.155,2.15,0.67982,4.7625,2.1525
2024/9/23 20:00,0,26.225,8.5,2024,267,20,267.8333333,NA,4.74,4.635,2.515,NA,2.225,2.12,0.8142,4.6875,2.1725
2024/9/23 21:00,0,25.79,8.6,2024,267,21,267.875,NA,4.75,4.645,2.55,NA,2.2,2.095,0.477205,4.6975,2.1475
2024/9/23 22:00,0,25.425,8.55,2024,267,22,267.9166667,NA,4.605,4.64,2.49,NA,2.115,2.15,0.699065,4.6225,2.1325
2024/9/23 23:00,0,25.165,8.5,2024,267,23,267.9583333,NA,4.73,4.525,2.43,NA,2.3,2.095,0.623265,4.6275,2.1975
2024/9/24 0:00,0,24.96,8.5,2024,268,0,268,NA,4.77,4.495,2.67,NA,2.1,1.825,0.314955,4.6325,1.9625
2024/9/24 1:00,0,24.78,8.5,2024,268,1,268.0416667,NA,4.685,4.455,2.61,NA,2.075,1.845,0.3220835,4.57,1.96
2024/9/24 2:00,0,24.645,8.5,2024,268,2,268.0833333,NA,4.71,4.69,2.57,NA,2.14,2.12,0.369315,4.7,2.13
2024/9/24 3:00,0,24.44,8.5,2024,268,3,268.125,NA,4.69,4.46,2.505,NA,2.185,1.955,0.67743,4.575,2.07
2024/9/24 4:00,0,24.23,8.5,2024,268,4,268.1666667,NA,4.46,4.365,2.49,NA,1.97,1.875,0.282015,4.4125,1.9225
2024/9/24 5:00,0,24.065,8.4,2024,268,5,268.2083333,NA,4.435,4.45,2.415,NA,2.02,2.035,0.25374,4.4425,2.0275
2024/9/24 6:00,60,23.86,8.4,2024,268,6,268.25,NA,4.54,4.275,2.465,NA,2.075,1.81,0.043493,4.4075,1.9425
2024/9/24 7:00,372.65,23.735,8.4,2024,268,7,268.2916667,NA,4.4,4.195,2.28,NA,2.12,1.915,4.04965,4.2975,2.0175
2024/9/24 8:00,392.35,23.855,8.4,2024,268,8,268.3333333,NA,4.55,4.255,2.45,NA,2.1,1.805,9.996,4.4025,1.9525
2024/9/24 9:00,484.15,24.295,8.4,2024,268,9,268.375,NA,4.715,4.545,2.66,NA,2.055,1.885,10.585,4.63,1.97
2024/9/24 10:00,1415.5,24.755,8.4,2024,268,10,268.4166667,NA,4.62,4.565,2.315,NA,2.305,2.25,12.9695,4.5925,2.2775
2024/9/24 11:00,1466.5,25.865,8.4,2024,268,11,268.4583333,NA,4.47,4.425,2.27,NA,2.2,2.155,14.095,4.4475,2.1775
2024/9/24 12:00,1391,26.69,8.4,2024,268,12,268.5,NA,4.46,4.775,2.405,NA,2.055,2.37,20.971,4.6175,2.2125
2024/9/24 13:00,1177.5,27.62,8.5,2024,268,13,268.5416667,NA,4.475,4.84,2.185,NA,2.29,2.655,15.4765,4.6575,2.4725
2024/9/24 14:00,792.65,28.095,8.4,2024,268,14,268.5833333,NA,4.545,4.95,2.385,NA,2.16,2.565,18.441,4.7475,2.3625
2024/9/24 15:00,341.95,28.04,8.4,2024,268,15,268.625,NA,4.7,4.94,2.495,NA,2.205,2.445,12.805,4.82,2.325
2024/9/24 16:00,198.2,27.88,8.4,2024,268,16,268.6666667,NA,4.775,5.12,2.62,NA,2.155,2.5,10.7255,4.9475,2.3275
2024/9/24 17:00,9.37,27.62,8.35,2024,268,17,268.7083333,NA,4.905,5.125,2.75,NA,2.155,2.375,4.50785,5.015,2.265
2024/9/24 18:00,0,27.235,8.4,2024,268,18,268.75,NA,5.16,4.95,2.575,NA,2.585,2.375,1.7358,5.055,2.48
2024/9/24 19:00,0,26.85,8.3,2024,268,19,268.7916667,NA,5.235,4.865,2.78,NA,2.455,2.085,0.13145,5.05,2.27
2024/9/24 20:00,0,26.48,8.3,2024,268,20,268.8333333,NA,5.14,4.92,3.11,NA,2.03,1.81,1.1836,5.03,1.92
2024/9/24 21:00,0,26.07,8.25,2024,268,21,268.875,NA,4.73,4.79,2.69,NA,2.04,2.1,0.823435,4.76,2.07
2024/9/24 22:00,0,25.68,8.2,2024,268,22,268.9166667,NA,4.645,4.575,2.68,NA,1.965,1.895,0.174163,4.61,1.93
2024/9/24 23:00,0,25.295,8.2,2024,268,23,268.9583333,NA,4.47,4.61,2.62,NA,1.85,1.99,-2.0832755,4.54,1.92
2024/9/25 0:00,0,24.91,8.2,2024,269,0,269,NA,4.305,4.45,2.435,NA,1.87,2.015,-0.25981,4.3775,1.9425
2024/9/25 1:00,0,24.56,8.2,2024,269,1,269.0416667,NA,4.26,4.52,2.365,NA,1.895,2.155,-0.106922,4.39,2.025
2024/9/25 2:00,0,24.27,8.2,2024,269,2,269.0833333,NA,4.055,4.26,2.445,NA,1.61,1.815,-3.051525,4.1575,1.7125
2024/9/25 3:00,0,24,8.2,2024,269,3,269.125,NA,4.005,4.355,2.415,NA,1.59,1.94,-0.1496545,4.18,1.765
2024/9/25 4:00,0,23.785,8.2,2024,269,4,269.1666667,NA,4.075,4.335,2.32,NA,1.755,2.015,-3.31015,4.205,1.885
2024/9/25 5:00,0,23.7,8.2,2024,269,5,269.2083333,NA,4.015,4.32,2.52,NA,1.495,1.8,0.18004,4.1675,1.6475
2024/9/25 6:00,0,23.675,8.2,2024,269,6,269.25,NA,4.19,4.29,2.485,NA,1.705,1.805,-0.17631,4.24,1.755
2024/9/25 7:00,108.41,23.645,8.2,2024,269,7,269.2916667,NA,4.275,4.4,2.49,NA,1.785,1.91,NA,4.3375,1.8475
2024/9/25 8:00,311.6,23.715,8.2,2024,269,8,269.3333333,NA,4.485,4.62,2.535,NA,1.95,2.085,-1.12465,4.5525,2.0175
2024/9/25 9:00,734.1,23.96,8.2,2024,269,9,269.375,NA,4.3,4.65,2.46,NA,1.84,2.19,-2.6508,4.475,2.015
2024/9/25 10:00,1325.5,24.36,8.2,2024,269,10,269.4166667,NA,4.265,4.525,2.385,NA,1.88,2.14,10.77,4.395,2.01
2024/9/25 11:00,1027.5,25.335,8.2,2024,269,11,269.4583333,NA,4.345,4.37,2.455,NA,1.89,1.915,23.0025,4.3575,1.9025
2024/9/25 12:00,319.65,25.865,8.2,2024,269,12,269.5,NA,4.28,4.58,2.365,NA,1.915,2.215,11.29375,4.43,2.065
2024/9/25 13:00,514.25,25.865,8.2,2024,269,13,269.5416667,NA,4.195,4.465,2.34,NA,1.855,2.125,13.107,4.33,1.99
2024/9/25 14:00,682.85,25.97,8.2,2024,269,14,269.5833333,NA,4.16,4.54,2.27,NA,1.89,2.27,16.598,4.35,2.08
2024/9/25 15:00,767.4,26.05,8.1,2024,269,15,269.625,NA,4.07,4.49,2.215,NA,1.855,2.275,11.3448,4.28,2.065
2024/9/25 16:00,420.85,26.015,8.1,2024,269,16,269.6666667,NA,4.14,4.43,2.14,NA,2,2.29,12.2948,4.285,2.145
2024/9/25 17:00,165.6,25.815,8,2024,269,17,269.7083333,NA,4.12,4.425,2.3,NA,1.82,2.125,8.7527,4.2725,1.9725
2024/9/25 18:00,0,25.425,8,2024,269,18,269.75,NA,4.1,4.4,2.27,NA,1.83,2.13,3.4734,4.25,1.98
2024/9/25 19:00,0,25.025,8,2024,269,19,269.7916667,NA,4.14,4.23,2.535,NA,1.605,1.695,3.54045,4.185,1.65
2024/9/25 20:00,0,24.64,8,2024,269,20,269.8333333,NA,4.15,4.215,2.46,NA,1.69,1.755,1.9979,4.1825,1.7225
2024/9/25 21:00,0,24.275,8,2024,269,21,269.875,NA,3.945,4.11,2.315,NA,1.63,1.795,2.4456,4.0275,1.7125
2024/9/25 22:00,0,23.93,8,2024,269,22,269.9166667,NA,4.02,4.18,2.22,NA,1.8,1.96,1.64765,4.1,1.88
2024/9/25 23:00,0,23.655,8,2024,269,23,269.9583333,NA,4.06,4.1,2.385,NA,1.675,1.715,2.8355,4.08,1.695
2024/9/26 0:00,0,23.4,7.95,2024,270,0,270,NA,4.055,4.01,2.28,NA,1.775,1.73,-0.471065,4.0325,1.7525
2024/9/26 1:00,0,23.105,7.9,2024,270,1,270.0416667,NA,3.95,4.07,2.305,NA,1.645,1.765,-0.274025,4.01,1.705
2024/9/26 2:00,0,22.81,7.9,2024,270,2,270.0833333,NA,3.81,3.89,2.43,NA,1.38,1.46,-0.19122,3.85,1.42
2024/9/26 3:00,0,22.52,7.9,2024,270,3,270.125,NA,3.835,3.815,2.16,NA,1.675,1.655,0.85194,3.825,1.665
2024/9/26 4:00,0,22.23,7.9,2024,270,4,270.1666667,NA,3.955,3.89,2.13,NA,1.825,1.76,0.839595,3.9225,1.7925
2024/9/26 5:00,0,21.955,7.85,2024,270,5,270.2083333,NA,3.78,3.875,2.185,NA,1.595,1.69,-0.352125,3.8275,1.6425
2024/9/26 6:00,39.025,21.7,7.8,2024,270,6,270.25,NA,3.69,3.68,2.15,NA,1.54,1.53,0.004,3.685,1.535
2024/9/26 7:00,387.95,21.52,7.9,2024,270,7,270.2916667,NA,3.56,3.625,2.28,NA,1.28,1.345,3.8108,3.5925,1.3125
2024/9/26 8:00,795.6,21.53,7.9,2024,270,8,270.3333333,NA,3.605,3.69,2.175,NA,1.43,1.515,6.05615,3.6475,1.4725
2024/9/26 9:00,1049.5,21.85,7.9,2024,270,9,270.375,NA,3.705,3.65,1.97,NA,1.735,1.68,6.12305,3.6775,1.7075
2024/9/26 10:00,1405.5,22.28,7.9,2024,270,10,270.4166667,NA,3.775,3.755,2.22,NA,1.555,1.535,13.49,3.765,1.545
2024/9/26 11:00,1481,23.47,7.85,2024,270,11,270.4583333,NA,3.765,3.79,1.99,NA,1.775,1.8,20.3005,3.7775,1.7875
2024/9/26 12:00,1395.5,24.295,7.8,2024,270,12,270.5,NA,3.785,3.95,2.035,NA,1.75,1.915,17.96,3.8675,1.8325
2024/9/26 13:00,1298.5,25.175,7.8,2024,270,13,270.5416667,NA,3.795,4.12,2.215,NA,1.58,1.905,16.655,3.9575,1.7425
2024/9/26 14:00,1237,25.77,7.85,2024,270,14,270.5833333,NA,3.79,4.2,2.105,NA,1.685,2.095,18.641,3.995,1.89
2024/9/26 15:00,925.5,25.57,7.85,2024,270,15,270.625,NA,3.885,4.295,2.145,NA,1.74,2.15,14.9395,4.09,1.945
2024/9/26 16:00,454.55,25.245,7.8,2024,270,16,270.6666667,NA,3.89,4.22,2.125,NA,1.765,2.095,9.8162,4.055,1.93
2024/9/26 17:00,168.65,24.885,7.75,2024,270,17,270.7083333,NA,4.075,4.18,2.11,NA,1.965,2.07,9.1075,4.1275,2.0175
2024/9/26 18:00,0,24.475,7.7,2024,270,18,270.75,NA,4.215,4.05,2.14,NA,2.075,1.91,7.1436,4.1325,1.9925
2024/9/26 19:00,0,23.995,7.7,2024,270,19,270.7916667,NA,4.225,3.97,2.19,NA,2.035,1.78,3.45595,4.0975,1.9075
2024/9/26 20:00,0,23.545,7.7,2024,270,20,270.8333333,NA,4.055,3.935,2.205,NA,1.85,1.73,1.7438,3.995,1.79
2024/9/26 21:00,0,23.125,7.7,2024,270,21,270.875,NA,4.185,3.825,2.235,NA,1.95,1.59,1.257205,4.005,1.77
2024/9/26 22:00,0,22.75,7.7,2024,270,22,270.9166667,NA,4.13,3.755,2.17,NA,1.96,1.585,1.78475,3.9425,1.7725
2024/9/26 23:00,0,22.4,7.6,2024,270,23,270.9583333,NA,3.905,3.7,2.14,NA,1.765,1.56,-0.432555,3.8025,1.6625
2024/9/27 0:00,0,22.07,7.6,2024,271,0,271,NA,3.89,3.615,2.045,NA,1.845,1.57,-2.65025,3.7525,1.7075
2024/9/27 1:00,0,21.76,7.6,2024,271,1,271.0416667,NA,3.8,3.585,2.24,NA,1.56,1.345,-0.879685,3.6925,1.4525
2024/9/27 2:00,0,21.48,7.6,2024,271,2,271.0833333,NA,3.78,3.48,2.075,NA,1.705,1.405,-1.16405,3.63,1.555
2024/9/27 3:00,0,21.21,7.5,2024,271,3,271.125,NA,3.78,3.44,2.015,NA,1.765,1.425,-2.26955,3.61,1.595
2024/9/27 4:00,0,20.96,7.5,2024,271,4,271.1666667,NA,3.8,3.495,2.055,NA,1.745,1.44,-1.10905,3.6475,1.5925
2024/9/27 5:00,0,20.73,7.5,2024,271,5,271.2083333,NA,3.745,3.325,2.085,NA,1.66,1.24,-0.84661,3.535,1.45
2024/9/27 6:00,33.77,20.53,7.5,2024,271,6,271.25,NA,3.75,3.315,2.09,NA,1.66,1.225,4.0984,3.5325,1.4425
2024/9/27 7:00,388.7,20.36,7.5,2024,271,7,271.2916667,NA,3.695,3.32,1.995,NA,1.7,1.325,4.795815,3.5075,1.5125
2024/9/27 8:00,797,20.385,7.5,2024,271,8,271.3333333,NA,3.725,3.375,2.09,NA,1.635,1.285,6.0553,3.55,1.46
2024/9/27 9:00,1048,20.86,7.5,2024,271,9,271.375,NA,3.935,3.41,1.95,NA,1.985,1.46,9.67095,3.6725,1.7225
2024/9/27 10:00,1368,21.43,7.5,2024,271,10,271.4166667,NA,4.1,3.535,1.93,NA,2.17,1.605,14.4475,3.8175,1.8875
2024/9/27 11:00,1438,22.815,7.5,2024,271,11,271.4583333,NA,3.955,3.715,1.86,NA,2.095,1.855,18.284,3.835,1.975
2024/9/27 12:00,1484,23.945,7.5,2024,271,12,271.5,NA,4.05,3.83,1.93,NA,2.12,1.9,21.712,3.94,2.01
2024/9/27 13:00,1473,24.945,7.5,2024,271,13,271.5416667,NA,4.155,3.91,2.155,NA,2,1.755,17.0955,4.0325,1.8775
2024/9/27 14:00,1238.5,25.63,7.5,2024,271,14,271.5833333,NA,4.125,3.955,2.045,NA,2.08,1.91,14.771,4.04,1.995
2024/9/27 15:00,911,25.36,7.5,2024,271,15,271.625,NA,4.19,3.965,2.08,NA,2.11,1.885,15.728,4.0775,1.9975
2024/9/27 16:00,535.65,25.05,7.5,2024,271,16,271.6666667,NA,4.26,3.995,1.86,NA,2.4,2.135,13.7235,4.1275,2.2675
2024/9/27 17:00,164.85,24.695,7.5,2024,271,17,271.7083333,NA,4.17,3.935,2.05,NA,2.12,1.885,9.94675,4.0525,2.0025
2024/9/27 18:00,0,24.275,7.4,2024,271,18,271.75,NA,4.4,3.9,2.04,NA,2.36,1.86,7.9077,4.15,2.11
2024/9/27 19:00,0,23.795,7.4,2024,271,19,271.7916667,NA,4.24,3.865,2.125,NA,2.115,1.74,6.40165,4.0525,1.9275
2024/9/27 20:00,0,23.355,7.3,2024,271,20,271.8333333,NA,4.215,3.75,2.22,NA,1.995,1.53,5.6058,3.9825,1.7625
2024/9/27 21:00,0,22.965,7.3,2024,271,21,271.875,NA,4.105,3.685,2.045,NA,2.06,1.64,3.4262,3.895,1.85
2024/9/27 22:00,0,22.62,7.3,2024,271,22,271.9166667,NA,4,3.645,2.09,NA,1.91,1.555,-0.52682,3.8225,1.7325
2024/9/27 23:00,0,22.315,7.3,2024,271,23,271.9583333,NA,4.08,3.515,1.98,NA,2.1,1.535,0.362215,3.7975,1.8175
2024/9/28 0:00,0,22.03,7.3,2024,272,0,272,NA,3.895,3.41,2.055,NA,1.84,1.355,-2.32655,3.6525,1.5975
2024/9/28 1:00,0,21.785,7.3,2024,272,1,272.0416667,NA,3.87,3.355,2.075,NA,1.795,1.28,-2.62141,3.6125,1.5375
2024/9/28 2:00,0,21.54,7.3,2024,272,2,272.0833333,NA,3.68,3.335,1.99,NA,1.69,1.345,-1.3327,3.5075,1.5175
2024/9/28 3:00,0,21.305,7.25,2024,272,3,272.125,NA,3.66,3.325,1.88,NA,1.78,1.445,-6.7339,3.4925,1.6125
2024/9/28 4:00,0,21.085,7.2,2024,272,4,272.1666667,NA,3.635,3.3,1.885,NA,1.75,1.415,-1.108595,3.4675,1.5825
2024/9/28 5:00,0,20.86,7.2,2024,272,5,272.2083333,NA,3.675,3.31,1.915,NA,1.76,1.395,5.9431,3.4925,1.5775
2024/9/28 6:00,31.52,20.635,7.2,2024,272,6,272.25,NA,3.55,3.14,1.9,NA,1.65,1.24,3.21682,3.345,1.445
2024/9/28 7:00,386,20.45,7.2,2024,272,7,272.2916667,NA,3.58,3.21,2.135,NA,1.445,1.075,3.95375,3.395,1.26
2024/9/28 8:00,795.5,20.46,7.2,2024,272,8,272.3333333,NA,3.625,3.235,2.07,NA,1.555,1.165,5.60145,3.43,1.36
2024/9/28 9:00,1045,20.965,7.2,2024,272,9,272.375,NA,3.785,3.51,1.895,NA,1.89,1.615,5.6245,3.6475,1.7525
2024/9/28 10:00,1406,21.47,7.2,2024,272,10,272.4166667,NA,3.755,3.46,1.81,NA,1.945,1.65,13.388,3.6075,1.7975
2024/9/28 11:00,1484,22.825,7.2,2024,272,11,272.4583333,NA,3.93,3.6,1.91,NA,2.02,1.69,18.4025,3.765,1.855
2024/9/28 12:00,1484,23.95,7.2,2024,272,12,272.5,NA,4.005,3.63,1.955,NA,2.05,1.675,17.7705,3.8175,1.8625
2024/9/28 13:00,1474,25.05,7.2,2024,272,13,272.5416667,NA,3.875,3.855,2.18,NA,1.695,1.675,17.6,3.865,1.685
2024/9/28 14:00,1242.5,25.9,7.25,2024,272,14,272.5833333,NA,3.695,3.94,2.015,NA,1.68,1.925,13.3015,3.8175,1.8025
2024/9/28 15:00,909.5,25.55,7.2,2024,272,15,272.625,NA,3.73,3.78,2.13,NA,1.6,1.65,12.843,3.755,1.625
2024/9/28 16:00,532.5,25.185,7.15,2024,272,16,272.6666667,NA,3.77,3.81,2.13,NA,1.64,1.68,11.494,3.79,1.66
2024/9/28 17:00,158.45,24.775,7.1,2024,272,17,272.7083333,NA,3.825,3.755,2.155,NA,1.67,1.6,9.2838,3.79,1.635
2024/9/28 18:00,0,24.315,7.1,2024,272,18,272.75,NA,3.915,3.72,2.045,NA,1.87,1.675,7.3716,3.8175,1.7725
2024/9/28 19:00,0,23.81,7.1,2024,272,19,272.7916667,NA,3.78,3.59,2.18,NA,1.6,1.41,7.20235,3.685,1.505
2024/9/28 20:00,0,23.325,7,2024,272,20,272.8333333,NA,3.675,3.535,2.12,NA,1.555,1.415,6.9948,3.605,1.485
2024/9/28 21:00,0,22.9,7,2024,272,21,272.875,NA,3.47,3.52,2.075,NA,1.395,1.445,5.6409,3.495,1.42
2024/9/28 22:00,0,22.525,7,2024,272,22,272.9166667,NA,3.465,3.425,2.075,NA,1.39,1.35,4.9026,3.445,1.37
2024/9/28 23:00,0,22.16,7,2024,272,23,272.9583333,NA,3.39,3.395,1.99,NA,1.4,1.405,3.3888,3.3925,1.4025
2024/9/29 0:00,0,21.81,6.95,2024,273,0,273,NA,3.425,3.385,2.1,NA,1.325,1.285,3.37225,3.405,1.305
2024/9/29 1:00,0,21.475,7,2024,273,1,273.0416667,NA,3.35,3.335,1.995,NA,1.355,1.34,-0.727325,3.3425,1.3475
2024/9/29 2:00,0,21.145,6.9,2024,273,2,273.0833333,NA,3.24,3.145,2.085,NA,1.155,1.06,-0.87702,3.1925,1.1075
2024/9/29 3:00,0,20.85,6.9,2024,273,3,273.125,NA,3.165,3.08,1.88,NA,1.285,1.2,-0.94764,3.1225,1.2425
2024/9/29 4:00,0,20.57,6.9,2024,273,4,273.1666667,NA,3.07,2.995,1.945,NA,1.125,1.05,-0.741205,3.0325,1.0875
2024/9/29 5:00,0,20.325,6.9,2024,273,5,273.2083333,NA,3.055,2.96,1.885,NA,1.17,1.075,-0.87741,3.0075,1.1225
2024/9/29 6:00,37.15,20.1,6.85,2024,273,6,273.25,NA,3.06,2.92,1.835,NA,1.225,1.085,-1.1849,2.99,1.155
2024/9/29 7:00,382.55,19.935,6.8,2024,273,7,273.2916667,NA,3,2.97,1.945,NA,1.055,1.025,1.2066,2.985,1.04
2024/9/29 8:00,790.5,19.965,6.8,2024,273,8,273.3333333,NA,2.995,2.985,2.005,NA,0.99,0.98,4.39875,2.99,0.985
2024/9/29 9:00,1010,20.56,6.8,2024,273,9,273.375,NA,3.14,3.13,1.995,NA,1.145,1.135,4.95375,3.135,1.14
2024/9/29 10:00,1378,21.115,6.8,2024,273,10,273.4166667,NA,3.36,3.295,1.83,NA,1.53,1.465,7.29698,3.3275,1.4975
2024/9/29 11:00,1438.5,22.47,6.9,2024,273,11,273.4583333,NA,3.225,3.27,1.935,NA,1.29,1.335,18.7615,3.2475,1.3125
2024/9/29 12:00,1446.5,23.845,6.9,2024,273,12,273.5,NA,3.41,3.505,1.9,NA,1.51,1.605,16.5205,3.4575,1.5575
2024/9/29 13:00,1304.5,25.035,6.9,2024,273,13,273.5416667,NA,3.415,3.695,2.36,NA,1.055,1.335,19.3195,3.555,1.195
2024/9/29 14:00,1246.5,25.795,6.95,2024,273,14,273.5833333,NA,3.39,3.685,2.215,NA,1.175,1.47,15.86,3.5375,1.3225
2024/9/29 15:00,882.1,25.66,6.9,2024,273,15,273.625,NA,3.475,3.705,2.2,NA,1.275,1.505,14.4155,3.59,1.39
2024/9/29 16:00,525.4,25.47,6.9,2024,273,16,273.6666667,NA,3.495,3.63,2.39,NA,1.105,1.24,12.487,3.5625,1.1725
2024/9/29 17:00,146.4,25.175,6.8,2024,273,17,273.7083333,NA,3.605,3.625,2.63,NA,0.975,0.995,9.3145,3.615,0.985
2024/9/29 18:00,0,24.77,6.8,2024,273,18,273.75,NA,3.805,3.475,2.275,NA,1.53,1.2,8.205,3.64,1.365
2024/9/29 19:00,0,24.32,6.8,2024,273,19,273.7916667,NA,3.815,3.515,2.34,NA,1.475,1.175,7.71275,3.665,1.325
2024/9/29 20:00,0,23.92,6.8,2024,273,20,273.8333333,NA,3.71,3.49,2.285,NA,1.425,1.205,7.59595,3.6,1.315
2024/9/29 21:00,0,23.57,6.75,2024,273,21,273.875,NA,3.68,3.405,2.345,NA,1.335,1.06,7.7595,3.5425,1.1975
2024/9/29 22:00,0,23.24,6.7,2024,273,22,273.9166667,NA,3.645,3.26,2.365,NA,1.28,0.895,7.51085,3.4525,1.0875
2024/9/29 23:00,0,22.935,6.7,2024,273,23,273.9583333,NA,3.585,3.16,2.335,NA,1.25,0.825,2.98505,3.3725,1.0375
2024/9/30 0:00,0,22.64,6.7,2024,274,0,274,NA,3.795,3.18,2.31,NA,1.485,0.87,1.6591,3.4875,1.1775
2024/9/30 1:00,0,22.375,6.65,2024,274,1,274.0416667,NA,3.66,3.165,2.345,NA,1.315,0.82,0.87474,3.4125,1.0675
2024/9/30 2:00,0,22.11,6.6,2024,274,2,274.0833333,NA,3.46,3.165,2.23,NA,1.23,0.935,1.464115,3.3125,1.0825
2024/9/30 3:00,0,21.865,6.6,2024,274,3,274.125,NA,3.265,2.955,2.18,NA,1.085,0.775,0.27714,3.11,0.93
2024/9/30 4:00,0,21.635,6.6,2024,274,4,274.1666667,NA,3.37,3.1,2.24,NA,1.13,0.86,-0.294375,3.235,0.995
2024/9/30 5:00,0,21.415,6.6,2024,274,5,274.2083333,NA,3.315,3.04,2.32,NA,0.995,0.72,-0.35024,3.1775,0.8575
2024/9/30 6:00,34.135,21.2,6.6,2024,274,6,274.25,NA,3.235,3.04,2.225,NA,1.01,0.815,3.57275,3.1375,0.9125
2024/9/30 7:00,371.6,21.03,6.6,2024,274,7,274.2916667,NA,3.215,2.83,2.19,NA,1.025,0.64,-2.5051,3.0225,0.8325
2024/9/30 8:00,769.4,21.05,6.6,2024,274,8,274.3333333,NA,3.16,3.005,2.28,NA,0.88,0.725,1.53955,3.0825,0.8025
2024/9/30 9:00,1021.5,21.63,6.6,2024,274,9,274.375,NA,3.415,3.155,2.305,NA,1.11,0.85,10.90755,3.285,0.98
2024/9/30 10:00,1382.5,22.205,6.6,2024,274,10,274.4166667,NA,3.72,3.255,2.36,NA,1.36,0.895,7.983,3.4875,1.1275
2024/9/30 11:00,1507.5,23.61,6.6,2024,274,11,274.4583333,NA,3.315,3.21,2.3,NA,1.015,0.91,18.5205,3.2625,0.9625
2024/9/30 12:00,1492.5,25.05,6.6,2024,274,12,274.5,NA,3.49,3.245,2.21,NA,1.28,1.035,15.2215,3.3675,1.1575
2024/9/30 13:00,1367.5,26.195,6.65,2024,274,13,274.5416667,NA,3.53,3.465,2.275,NA,1.255,1.19,15.267,3.4975,1.2225
2024/9/30 14:00,984.5,26.895,6.7,2024,274,14,274.5833333,NA,3.535,3.41,2.28,NA,1.255,1.13,13.1235,3.4725,1.1925
2024/9/30 15:00,558.75,26.55,6.6,2024,274,15,274.625,NA,3.62,3.45,2.275,NA,1.345,1.175,11.248,3.535,1.26
2024/9/30 16:00,501.05,26.075,6.6,2024,274,16,274.6666667,NA,3.745,3.37,2.425,NA,1.32,0.945,11.5545,3.5575,1.1325
2024/9/30 17:00,143.8,25.72,6.6,2024,274,17,274.7083333,NA,3.775,3.445,2.66,NA,1.115,0.785,10.1137,3.61,0.95
2024/9/30 18:00,0,25.265,6.55,2024,274,18,274.75,NA,3.925,3.57,2.49,NA,1.435,1.08,8.0092,3.7475,1.2575
2024/9/30 19:00,0,24.765,6.5,2024,274,19,274.7916667,NA,3.79,3.395,2.34,NA,1.45,1.055,7.66265,3.5925,1.2525
2024/9/30 20:00,0,24.3,6.5,2024,274,20,274.8333333,NA,3.645,3.33,2.32,NA,1.325,1.01,4.63755,3.4875,1.1675
2024/9/30 21:00,0,23.895,6.4,2024,274,21,274.875,NA,3.675,3.185,2.395,NA,1.28,0.79,1.9602,3.43,1.035
2024/9/30 22:00,0,23.54,6.4,2024,274,22,274.9166667,NA,3.64,3.225,2.295,NA,1.345,0.93,1.93865,3.4325,1.1375
2024/9/30 23:00,0,23.23,6.4,2024,274,23,274.9583333,NA,3.535,3.03,2.245,NA,1.29,0.785,1.7912,3.2825,1.0375
