Datetime_hr_CST,PPFD_IN_1_1_1,TS_1_1_1,TS_1_2_1,SWC_1_1_1,SWC_1_2_1,Year,DoY,Hour,DoY_hr,SR1,SR2,SR3,Rh,Ra1,Ra2,Ra3,GPP
2023/3/15 20:00,0.07,15.24,15.38,21.8,29.7,2023,74,20,74.83333333,1.58,NA,NA,1.08,0.5,NA,NA,1.80185
2023/3/15 21:00,0.0575,15.065,15.39,21.8,29.65,2023,74,21,74.875,1.72,NA,NA,1.07,0.65,NA,NA,0.70765
2023/3/15 22:00,0.055,14.93,15.385,21.8,29.6,2023,74,22,74.91666667,1.45845,NA,NA,1.06,0.39845,NA,NA,-0.792225
2023/3/15 23:00,0.0675,14.82,15.365,21.8,29.6,2023,74,23,74.95833333,1.71,NA,NA,0.97,0.74,NA,NA,-0.4989355
2023/3/16 0:00,0.067,14.725,15.34,21.8,29.6,2023,75,0,75,1.53,NA,NA,0.98,0.55,NA,NA,0.65706
2023/3/16 1:00,0.057,14.61,15.31,21.85,29.6,2023,75,1,75.04166667,1.5,NA,NA,0.95,0.55,NA,NA,0.993854
2023/3/16 2:00,0.078,14.505,15.28,21.9,29.6,2023,75,2,75.08333333,1.46,NA,NA,0.95,0.51,NA,NA,1.4936
2023/3/16 3:00,0.0655,14.43,15.25,21.9,29.6,2023,75,3,75.125,1.71,NA,NA,0.91,0.8,NA,NA,2.0332
2023/3/16 4:00,0.06,14.375,15.215,21.95,29.6,2023,75,4,75.16666667,1.6,NA,NA,0.89,0.71,NA,NA,1.48305
2023/3/16 5:00,0.0785,14.375,15.19,21.9,29.5,2023,75,5,75.20833333,1.48,NA,NA,1,0.48,NA,NA,2.22725
2023/3/16 6:00,9.725,14.455,15.16,21.9,29.5,2023,75,6,75.25,NA,NA,NA,0.91,NA,NA,NA,0.824735
2023/3/16 7:00,91.99,14.6,15.14,21.9,29.5,2023,75,7,75.29166667,1.44,NA,NA,0.9,0.54,NA,NA,2.0312
2023/3/16 8:00,118.725,14.815,15.14,21.85,29.5,2023,75,8,75.33333333,1.51,NA,NA,0.92,0.59,NA,NA,2.2347
2023/3/16 9:00,203.35,15.08,15.15,21.8,29.5,2023,75,9,75.375,1.77,NA,NA,0.97,0.8,NA,NA,3.10525
2023/3/16 10:00,183.65,15.38,15.185,21.8,29.5,2023,75,10,75.41666667,1.95,NA,NA,1.04,0.91,NA,NA,3.6653
2023/3/16 11:00,184.9,15.62,15.245,21.8,29.5,2023,75,11,75.45833333,1.82,NA,NA,0.98,0.84,NA,NA,2.55515
2023/3/16 12:00,244.1,15.885,15.31,21.8,29.5,2023,75,12,75.5,1.98,NA,NA,1.01,0.97,NA,NA,3.17315
2023/3/16 13:00,338.4,16.165,15.39,21.7,29.5,2023,75,13,75.54166667,1.92,NA,NA,1.04,0.88,NA,NA,3.86385
2023/3/16 14:00,71.465,16.35,15.485,22.85,29.55,2023,75,14,75.58333333,1.79,NA,NA,1.06,0.73,NA,NA,2.055
2023/3/16 15:00,182.95,16.75,15.59,28.9,30.85,2023,75,15,75.625,1.86,NA,NA,1.09,0.77,NA,NA,0.12155
2023/3/16 16:00,78.89,16.92,15.725,27.75,31.35,2023,75,16,75.66666667,1.89,NA,NA,1.15,0.74,NA,NA,1.482665
2023/3/16 17:00,15.56,16.89,15.835,27.3,31.4,2023,75,17,75.70833333,1.19491,NA,NA,0.63,0.56491,NA,NA,2.57385
2023/3/16 18:00,2.6925,16.92,15.94,28.35,31.65,2023,75,18,75.75,1.5,NA,NA,0.7,0.8,NA,NA,0.953845
2023/3/16 19:00,0.0805,16.97,16.015,28.05,31.9,2023,75,19,75.79166667,1.58,NA,NA,0.83,0.75,NA,NA,-1.214185
2023/3/16 20:00,0.0785,16.96,16.08,27.4,31.8,2023,75,20,75.83333333,1.58,NA,NA,0.88,0.7,NA,NA,-2.38645
2023/3/16 21:00,0.0625,16.955,16.135,31.1,32.25,2023,75,21,75.875,1.48,NA,NA,0.84,0.64,NA,NA,-2.11175
2023/3/16 22:00,0.02,16.825,16.22,37.45,33.7,2023,75,22,75.91666667,1.65,NA,NA,0.95,0.7,NA,NA,-4.8535
2023/3/16 23:00,0.039,16.485,16.265,36.65,33.7,2023,75,23,75.95833333,1.81,NA,NA,1.08,0.73,NA,NA,-0.844515
2023/3/17 0:00,0.0615,16.12,16.26,35.9,33.7,2023,76,0,76,0.390246,NA,NA,0.81,-0.419754,NA,NA,-1.264305
2023/3/17 1:00,0.0585,15.695,16.23,35.15,33.7,2023,76,1,76.04166667,0.740625,NA,NA,NA,NA,NA,NA,-1.74195
2023/3/17 2:00,0.073,15.265,16.165,34.55,33.7,2023,76,2,76.08333333,0.746437,NA,NA,0.23,0.516437,NA,NA,-1.57585
2023/3/17 3:00,0.0615,14.875,16.07,34.1,33.7,2023,76,3,76.125,0.686752,NA,NA,0.21,0.476752,NA,NA,-1.6995
2023/3/17 4:00,0.0785,14.56,15.96,33.6,33.7,2023,76,4,76.16666667,0.63,NA,NA,0.2,0.43,NA,NA,-2.314
2023/3/17 5:00,0.0725,14.3,15.84,33.3,33.7,2023,76,5,76.20833333,0.57,NA,NA,0.23,0.34,NA,NA,-1.57595
2023/3/17 6:00,4.153,14.055,15.71,33,33.7,2023,76,6,76.25,0.569803,NA,NA,0.22,0.349803,NA,NA,-0.72424
2023/3/17 7:00,52.79,13.825,15.59,32.75,33.7,2023,76,7,76.29166667,0.54,NA,NA,0.27,0.27,NA,NA,-1.9254
2023/3/17 8:00,169.49,13.605,15.465,32.55,33.7,2023,76,8,76.33333333,0.569257,NA,NA,NA,NA,NA,NA,0.732225
2023/3/17 9:00,390.7,13.595,15.34,32.25,33.7,2023,76,9,76.375,0.55,NA,NA,0.23,0.32,NA,NA,3.13905
2023/3/17 10:00,702.95,13.71,15.235,32,33.7,2023,76,10,76.41666667,0.52,NA,NA,0.22,0.3,NA,NA,6.56705
2023/3/17 11:00,1245,14.095,15.15,31.75,33.7,2023,76,11,76.45833333,0.536817,NA,NA,0.25,0.286817,NA,NA,11.153
2023/3/17 12:00,1514.5,14.37,15.105,31.45,33.6,2023,76,12,76.5,0.56,NA,NA,0.29,0.27,NA,NA,15.1575
2023/3/17 13:00,1131,14.75,15.085,31.2,33.6,2023,76,13,76.54166667,0.66,NA,NA,0.33,0.33,NA,NA,14.6485
2023/3/17 14:00,1135.5,14.945,15.1,30.95,33.6,2023,76,14,76.58333333,0.71,NA,NA,0.35,0.36,NA,NA,14.0405
2023/3/17 15:00,1066.5,14.955,15.13,30.75,33.6,2023,76,15,76.625,0.74,NA,NA,0.42,0.32,NA,NA,14.353
2023/3/17 16:00,674.45,14.705,15.165,30.55,33.55,2023,76,16,76.66666667,0.69,NA,NA,0.47,0.22,NA,NA,10.7039
2023/3/17 17:00,260.4,14.44,15.18,30.35,33.5,2023,76,17,76.70833333,0.72,NA,NA,0.43,0.29,NA,NA,8.1998
2023/3/17 18:00,16.7725,14.125,15.16,30.15,33.5,2023,76,18,76.75,0.67,NA,NA,0.47,0.2,NA,NA,5.3802
2023/3/17 19:00,0.046,13.84,15.12,30,33.5,2023,76,19,76.79166667,0.67,NA,NA,0.47,0.2,NA,NA,2.4918
2023/3/17 20:00,0.0545,13.58,15.06,29.8,33.5,2023,76,20,76.83333333,0.63,NA,NA,0.43,0.2,NA,NA,1.83585
2023/3/17 21:00,0.046,13.365,14.98,29.65,33.5,2023,76,21,76.875,0.63627,NA,NA,0.46,0.17627,NA,NA,0.675485
2023/3/17 22:00,0.0585,13.2,14.91,29.5,33.5,2023,76,22,76.91666667,0.62,NA,NA,0.43,0.19,NA,NA,0.62308
2023/3/17 23:00,0.0655,13.065,14.815,29.35,33.5,2023,76,23,76.95833333,0.62758,NA,NA,0.41,0.21758,NA,NA,0.88563
2023/3/18 0:00,0.065,12.965,14.73,29.25,33.5,2023,77,0,77,0.64,NA,NA,0.43,0.21,NA,NA,1.41405
2023/3/18 1:00,0.0755,12.865,14.64,29.1,33.45,2023,77,1,77.04166667,0.600003,NA,NA,0.41,0.190003,NA,NA,0.043145
2023/3/18 2:00,0.0715,12.76,14.565,28.95,33.4,2023,77,2,77.08333333,0.59,NA,NA,0.44,0.15,NA,NA,0.483255
2023/3/18 3:00,0.0695,12.665,14.495,28.85,33.4,2023,77,3,77.125,0.6,NA,NA,NA,NA,NA,NA,-0.10052
2023/3/18 4:00,0.067,12.555,14.42,28.75,33.4,2023,77,4,77.16666667,0.590298,NA,NA,0.43,0.160298,NA,NA,0.31323
2023/3/18 5:00,0.0645,12.455,14.35,28.6,33.4,2023,77,5,77.20833333,0.58,NA,NA,0.44,0.14,NA,NA,-0.2224
2023/3/18 6:00,10.5655,12.37,14.27,28.5,33.4,2023,77,6,77.25,0.570894,NA,NA,0.42,0.150894,NA,NA,-0.236465
2023/3/18 7:00,135,12.32,14.205,28.4,33.4,2023,77,7,77.29166667,0.58,NA,NA,0.45,0.13,NA,NA,-2.148695
2023/3/18 8:00,276.9,12.415,14.14,28.25,33.4,2023,77,8,77.33333333,0.53,NA,NA,0.44,0.09,NA,NA,0.89175
2023/3/18 9:00,201.8,12.515,14.085,28.1,33.3,2023,77,9,77.375,NA,NA,NA,0.42,NA,NA,NA,9.65105
2023/3/18 10:00,309.75,12.57,14.05,28,33.3,2023,77,10,77.41666667,0.56,NA,NA,0.45,0.11,NA,NA,5.3085
2023/3/18 11:00,493.15,12.79,14.02,27.85,33.3,2023,77,11,77.45833333,0.57,NA,NA,0.47,0.1,NA,NA,7.21095
2023/3/18 12:00,588.8,13.07,14.005,27.7,33.3,2023,77,12,77.5,0.56,NA,NA,0.47,0.09,NA,NA,12.745
2023/3/18 13:00,567.05,13.345,14.015,27.55,33.2,2023,77,13,77.54166667,0.6,NA,NA,0.51,0.09,NA,NA,12.912
2023/3/18 14:00,344.45,13.505,14.04,27.4,33.2,2023,77,14,77.58333333,0.63,NA,NA,0.56,0.07,NA,NA,13.5855
2023/3/18 15:00,493.5,13.56,14.08,27.3,33.2,2023,77,15,77.625,0.63,NA,NA,0.57,0.06,NA,NA,10.828
2023/3/18 16:00,309.9,13.625,14.115,27.15,33.15,2023,77,16,77.66666667,0.69,NA,NA,0.6,0.09,NA,NA,12.1025
2023/3/18 17:00,108.095,13.505,14.15,27.05,33.1,2023,77,17,77.70833333,0.68,NA,NA,0.61,0.07,NA,NA,8.20435
2023/3/18 18:00,15.663,13.315,14.17,26.95,33.1,2023,77,18,77.75,0.7,NA,NA,0.63,0.07,NA,NA,4.5686
2023/3/18 19:00,0.068,13.05,14.17,26.9,33.1,2023,77,19,77.79166667,0.67,NA,NA,0.59,0.08,NA,NA,1.3529
2023/3/18 20:00,0.0585,12.835,14.145,26.8,33.1,2023,77,20,77.83333333,0.63,NA,NA,0.58,0.05,NA,NA,1.3041
2023/3/18 21:00,0.059,12.625,14.11,26.75,33.1,2023,77,21,77.875,0.69,NA,NA,0.54,0.15,NA,NA,0.77359
2023/3/18 22:00,0.056,12.36,14.055,26.7,33.1,2023,77,22,77.91666667,0.644364,NA,NA,0.54,0.104364,NA,NA,0.554915
2023/3/18 23:00,0.064,12.085,13.995,26.6,33,2023,77,23,77.95833333,0.612714,NA,NA,0.53,0.082714,NA,NA,0.784715
2023/3/19 0:00,0.0695,11.81,13.915,26.55,33,2023,78,0,78,0.58,NA,NA,0.55,0.03,NA,NA,0.638635
2023/3/19 1:00,0.063,11.545,13.825,26.55,33,2023,78,1,78.04166667,0.59,NA,NA,0.49,0.1,NA,NA,0.55014
2023/3/19 2:00,0.069,11.285,13.725,26.55,33,2023,78,2,78.08333333,0.615829,NA,NA,0.48,0.135829,NA,NA,0.15034
2023/3/19 3:00,0.0635,11.04,13.625,26.5,33,2023,78,3,78.125,0.54,NA,NA,0.5,0.04,NA,NA,-0.677485
2023/3/19 4:00,0.061,10.8,13.51,26.45,33,2023,78,4,78.16666667,0.531592,NA,NA,0.47,0.061592,NA,NA,-0.887445
2023/3/19 5:00,0.069,10.55,13.39,26.4,33,2023,78,5,78.20833333,0.49,NA,NA,0.46,0.03,NA,NA,-0.2142
2023/3/19 6:00,21.9785,10.35,13.27,26.35,33,2023,78,6,78.25,0.49,NA,NA,0.45,0.04,NA,NA,-1.6298
2023/3/19 7:00,273.9,10.255,13.15,26.3,33,2023,78,7,78.29166667,0.47,NA,NA,NA,NA,NA,NA,2.9530555
2023/3/19 8:00,704.35,10.425,13.04,26.25,33,2023,78,8,78.33333333,0.465649,NA,NA,0.41,0.055649,NA,NA,3.567285
2023/3/19 9:00,1051,10.84,12.94,26.1,33,2023,78,9,78.375,NA,NA,NA,0.42,NA,NA,NA,7.5462
2023/3/19 10:00,1332,11.835,12.895,25.95,33,2023,78,10,78.41666667,0.45,NA,NA,0.42,0.03,NA,NA,9.6545
2023/3/19 11:00,1484.5,12.685,12.915,25.85,33,2023,78,11,78.45833333,0.47,NA,NA,0.45,0.02,NA,NA,10.1796
2023/3/19 12:00,1513,12.695,13.015,25.85,32.9,2023,78,12,78.5,0.47,NA,NA,0.47,0,NA,NA,12.594
2023/3/19 13:00,1631.5,13.225,13.1,25.8,32.9,2023,78,13,78.54166667,0.584025,NA,NA,0.54,0.044025,NA,NA,14.615
2023/3/19 14:00,1415,13.455,13.205,25.7,32.8,2023,78,14,78.58333333,0.64,NA,NA,0.63,0.01,NA,NA,14.309
2023/3/19 15:00,1091.5,13.6,13.32,25.7,32.8,2023,78,15,78.625,0.82,NA,NA,0.76,0.06,NA,NA,13.821
2023/3/19 16:00,702.15,13.33,13.435,25.7,32.75,2023,78,16,78.66666667,0.71,NA,NA,0.84,-0.13,NA,NA,11.3515
2023/3/19 17:00,293.7,13.035,13.515,25.7,32.7,2023,78,17,78.70833333,0.69,NA,NA,0.78,-0.09,NA,NA,9.2176
2023/3/19 18:00,25.378,12.695,13.555,25.7,32.7,2023,78,18,78.75,0.7,NA,NA,0.73,-0.03,NA,NA,5.5398
2023/3/19 19:00,0.042,12.305,13.555,25.7,32.7,2023,78,19,78.79166667,0.7,NA,NA,0.66,0.04,NA,NA,1.3521
2023/3/19 20:00,0.0665,11.97,13.52,25.7,32.65,2023,78,20,78.83333333,0.64,NA,NA,0.61,0.03,NA,NA,1.1353
2023/3/19 21:00,0.067,11.665,13.47,25.7,32.6,2023,78,21,78.875,0.62,NA,NA,0.57,0.05,NA,NA,1.1523
2023/3/19 22:00,0.0685,11.38,13.395,25.65,32.6,2023,78,22,78.91666667,0.62,NA,NA,0.53,0.09,NA,NA,1.11275
2023/3/19 23:00,0.0555,11.08,13.305,25.7,32.6,2023,78,23,78.95833333,0.59,NA,NA,0.53,0.06,NA,NA,0.689745
2023/3/20 0:00,0.0675,10.82,13.21,25.7,32.6,2023,79,0,79,0.58,NA,NA,0.5,0.08,NA,NA,0.309025
2023/3/20 1:00,0.059,10.58,13.105,25.7,32.6,2023,79,1,79.04166667,0.54,NA,NA,NA,NA,NA,NA,-0.183147
2023/3/20 2:00,0.06,10.375,12.99,25.7,32.6,2023,79,2,79.08333333,0.513111,NA,NA,0.5,0.013111,NA,NA,-0.6432055
2023/3/20 3:00,0.054,10.21,12.88,25.7,32.6,2023,79,3,79.125,0.51,NA,NA,0.47,0.04,NA,NA,-3.07245
2023/3/20 4:00,0.0665,10.045,12.775,25.65,32.6,2023,79,4,79.16666667,0.49,NA,NA,0.45,0.04,NA,NA,-0.832475
2023/3/20 5:00,0.071,9.905,12.67,25.6,32.6,2023,79,5,79.20833333,0.48,NA,NA,0.44,0.04,NA,NA,-0.829575
2023/3/20 6:00,22.737,9.79,12.575,25.6,32.6,2023,79,6,79.25,0.47,NA,NA,0.42,0.05,NA,NA,-0.937365
2023/3/20 7:00,288.8,9.745,12.475,25.6,32.6,2023,79,7,79.29166667,0.49069,NA,NA,NA,NA,NA,NA,2.00535
2023/3/20 8:00,536.9,9.975,12.385,25.5,32.6,2023,79,8,79.33333333,0.45,NA,NA,0.42,0.03,NA,NA,2.2379
2023/3/20 9:00,929.75,10.41,12.32,25.5,32.6,2023,79,9,79.375,0.46,NA,NA,0.41,0.05,NA,NA,6.80035
2023/3/20 10:00,1331.5,11.57,12.295,25.3,32.6,2023,79,10,79.41666667,0.49,NA,NA,0.42,0.07,NA,NA,9.2255
2023/3/20 11:00,1276,12.625,12.35,25.25,32.6,2023,79,11,79.45833333,0.47,NA,NA,0.45,0.02,NA,NA,11.9075
2023/3/20 12:00,533.15,12.725,12.49,25.3,32.5,2023,79,12,79.5,0.48,NA,NA,NA,NA,NA,NA,13.7455
2023/3/20 13:00,309.25,12.62,12.635,25.3,32.5,2023,79,13,79.54166667,0.58,NA,NA,0.5,0.08,NA,NA,9.63675
2023/3/20 14:00,436.8,12.56,12.75,25.2,32.5,2023,79,14,79.58333333,0.69,NA,NA,0.64,0.05,NA,NA,7.51925
2023/3/20 15:00,353.8,12.625,12.82,25.2,32.4,2023,79,15,79.625,0.68,NA,NA,0.61,0.07,NA,NA,7.65435
2023/3/20 16:00,299.8,12.595,12.89,25.2,32.4,2023,79,16,79.66666667,0.69,NA,NA,0.58,0.11,NA,NA,8.09475
2023/3/20 17:00,86.91,12.525,12.95,25.2,32.4,2023,79,17,79.70833333,0.65,NA,NA,0.62,0.03,NA,NA,7.5995
2023/3/20 18:00,6.474,12.385,12.985,25.2,32.3,2023,79,18,79.75,0.69,NA,NA,0.63,0.06,NA,NA,3.5447
2023/3/20 19:00,0.07,12.265,13.02,25.2,32.3,2023,79,19,79.79166667,0.66,NA,NA,0.57,0.09,NA,NA,1.84945
2023/3/20 20:00,0.0755,12.16,13.03,25.1,32.3,2023,79,20,79.83333333,0.62,NA,NA,0.6,0.02,NA,NA,0.369735
2023/3/20 21:00,0.071,12.045,13.03,25.1,32.3,2023,79,21,79.875,0.68,NA,NA,0.57,0.11,NA,NA,1.6211
2023/3/20 22:00,0.075,11.965,13.02,25.1,32.3,2023,79,22,79.91666667,0.61,NA,NA,0.56,0.05,NA,NA,-0.2856635
2023/3/20 23:00,0.0815,11.905,13.005,25.1,32.3,2023,79,23,79.95833333,0.603717,NA,NA,0.57,0.033717,NA,NA,0.284575
2023/3/21 0:00,0.0775,11.885,12.99,25.1,32.3,2023,80,0,80,0.62,NA,NA,0.55,0.07,NA,NA,1.40645
2023/3/21 1:00,0.0745,11.885,12.975,25.1,32.3,2023,80,1,80.04166667,0.61,NA,NA,0.57,0.04,NA,NA,1.173585
2023/3/21 2:00,0.065,11.885,12.96,25.1,32.3,2023,80,2,80.08333333,0.59,NA,NA,0.56,0.03,NA,NA,1.50515
2023/3/21 3:00,0.0705,11.895,12.94,25.1,32.25,2023,80,3,80.125,0.6,NA,NA,0.53,0.07,NA,NA,1.15921
2023/3/21 4:00,0.061,11.88,12.94,25.05,32.2,2023,80,4,80.16666667,0.62,NA,NA,0.57,0.05,NA,NA,0.949795
2023/3/21 5:00,0.0745,11.895,12.935,25,32.2,2023,80,5,80.20833333,0.7,NA,NA,0.58,0.12,NA,NA,0.994725
2023/3/21 6:00,10.188,11.97,12.93,25,32.2,2023,80,6,80.25,0.59,NA,NA,0.54,0.05,NA,NA,1.7432
2023/3/21 7:00,78.295,12.055,12.93,24.9,32.2,2023,80,7,80.29166667,0.61,NA,NA,0.54,0.07,NA,NA,1.37517
2023/3/21 8:00,194.45,12.26,12.945,24.95,32.2,2023,80,8,80.33333333,0.66,NA,NA,0.55,0.11,NA,NA,0.911275
2023/3/21 9:00,305.6,12.63,12.965,24.9,32.15,2023,80,9,80.375,0.68,NA,NA,0.6,0.08,NA,NA,4.41005
2023/3/21 10:00,625.25,13.105,13.01,24.85,32.1,2023,80,10,80.41666667,0.68,NA,NA,0.55,0.13,NA,NA,6.484
2023/3/21 11:00,596.5,13.8,13.09,24.7,32.1,2023,80,11,80.45833333,0.75,NA,NA,0.6,0.15,NA,NA,12.62
2023/3/21 12:00,592.4,14.305,13.21,24.7,32.1,2023,80,12,80.5,0.78,NA,NA,0.63,0.15,NA,NA,11.6525
2023/3/21 13:00,261.2,14.58,13.36,24.65,32.1,2023,80,13,80.54166667,0.88,NA,NA,0.68,0.2,NA,NA,9.95315
2023/3/21 14:00,461.3,14.73,13.515,24.6,32,2023,80,14,80.58333333,0.98,NA,NA,0.72,0.26,NA,NA,6.9165
2023/3/21 15:00,292.95,15.01,13.665,24.6,32,2023,80,15,80.625,0.98,NA,NA,0.76,0.22,NA,NA,9.53485
2023/3/21 16:00,93.225,15.115,13.8,24.6,32,2023,80,16,80.66666667,1.01,NA,NA,0.73,0.28,NA,NA,7.9407
2023/3/21 17:00,62.675,15.07,13.935,24.6,32,2023,80,17,80.70833333,1.06,NA,NA,0.76,0.3,NA,NA,2.40825
2023/3/21 18:00,4.2915,15.035,14.045,24.6,31.95,2023,80,18,80.75,1.06,NA,NA,0.81,0.25,NA,NA,1.99285
2023/3/21 19:00,0.0635,14.965,14.135,24.6,31.9,2023,80,19,80.79166667,1.02,NA,NA,0.85,0.17,NA,NA,0.0932
2023/3/21 20:00,0.0775,14.955,14.21,24.55,31.9,2023,80,20,80.83333333,1.05,NA,NA,0.76,0.29,NA,NA,1.61695
2023/3/21 21:00,0.076,14.98,14.265,24.5,31.9,2023,80,21,80.875,1.11,NA,NA,0.83,0.28,NA,NA,-0.207035
2023/3/21 22:00,0.0725,15.035,14.315,24.45,31.9,2023,80,22,80.91666667,1.06,NA,NA,0.83,0.23,NA,NA,-0.711355
2023/3/21 23:00,0.069,15.085,14.37,24.4,31.85,2023,80,23,80.95833333,1.12,NA,NA,0.81,0.31,NA,NA,0.5155065
2023/3/22 0:00,0.077,15.13,14.425,24.4,31.8,2023,81,0,81,1.11,NA,NA,0.84,0.27,NA,NA,1.168345
2023/3/22 1:00,0.079,15.19,14.47,24.4,31.8,2023,81,1,81.04166667,1.13,NA,NA,0.86,0.27,NA,NA,0.91289
2023/3/22 2:00,0.075,15.22,14.525,24.4,31.8,2023,81,2,81.08333333,1.12,NA,NA,0.82,0.3,NA,NA,1.1635
2023/3/22 3:00,0.074,15.245,14.57,24.4,31.8,2023,81,3,81.125,1.11,NA,NA,0.89,0.22,NA,NA,0.42665
2023/3/22 4:00,0.079,15.31,14.62,24.4,31.8,2023,81,4,81.16666667,1.21,NA,NA,1.01,0.2,NA,NA,0.087645
2023/3/22 5:00,0.077,15.35,14.66,24.4,31.8,2023,81,5,81.20833333,1.22,NA,NA,0.88,0.34,NA,NA,-0.91338
2023/3/22 6:00,13.329,15.385,14.7,24.4,31.8,2023,81,6,81.25,1.23,NA,NA,0.91,0.32,NA,NA,0.75736
2023/3/22 7:00,73.675,15.445,14.75,24.4,31.8,2023,81,7,81.29166667,1.22,NA,NA,0.99,0.23,NA,NA,0.517305
2023/3/22 8:00,198.35,15.605,14.785,24.4,31.8,2023,81,8,81.33333333,1.18,NA,NA,0.93,0.25,NA,NA,0.440315
2023/3/22 9:00,431.15,15.87,14.835,24.3,31.8,2023,81,9,81.375,1.28,NA,NA,1.03,0.25,NA,NA,2.3032
2023/3/22 10:00,695.8,16.365,14.905,24.25,31.75,2023,81,10,81.41666667,1.32,NA,NA,0.92,0.4,NA,NA,7.92725
2023/3/22 11:00,889.75,16.87,15,24.15,31.7,2023,81,11,81.45833333,1.31,NA,NA,0.93,0.38,NA,NA,13.447
2023/3/22 12:00,964,17.37,15.125,24.1,31.7,2023,81,12,81.5,1.43,NA,NA,1,0.43,NA,NA,16.581
2023/3/22 13:00,858.9,17.81,15.28,24,31.6,2023,81,13,81.54166667,1.48,NA,NA,1.03,0.45,NA,NA,14.538
2023/3/22 14:00,742.45,18.11,15.44,23.95,31.6,2023,81,14,81.58333333,1.5,NA,NA,1.1,0.4,NA,NA,13.7335
2023/3/22 15:00,692.8,18.265,15.615,23.9,31.55,2023,81,15,81.625,1.52,NA,NA,1.2,0.32,NA,NA,14.985
2023/3/22 16:00,654.25,18.25,15.775,23.9,31.5,2023,81,16,81.66666667,1.6,NA,NA,NA,NA,NA,NA,13.272
2023/3/22 17:00,240.05,18.165,15.92,23.9,31.5,2023,81,17,81.70833333,1.51,NA,NA,NA,NA,NA,NA,8.98385
2023/3/22 18:00,20.57,17.915,16.035,23.9,31.5,2023,81,18,81.75,1.73,NA,NA,NA,NA,NA,NA,6.8169
2023/3/22 19:00,0.0545,17.67,16.115,23.9,31.5,2023,81,19,81.79166667,1.54,NA,NA,NA,NA,NA,NA,2.005475
2023/3/22 20:00,0.0675,17.455,16.165,23.9,31.4,2023,81,20,81.83333333,2.09,NA,NA,NA,NA,NA,NA,0.4632
2023/3/22 21:00,0.0735,17.285,16.195,23.9,31.4,2023,81,21,81.875,1.55,NA,NA,NA,NA,NA,NA,0.92297
2023/3/22 22:00,0.072,17.13,16.195,23.9,31.4,2023,81,22,81.91666667,1.42,NA,NA,NA,NA,NA,NA,1.244585
2023/3/22 23:00,0.0745,17.07,16.195,23.9,31.4,2023,81,23,81.95833333,1.46,NA,NA,NA,NA,NA,NA,0.82148
2023/3/23 0:00,0.064,17.055,16.185,23.9,31.4,2023,82,0,82,2.16,NA,NA,1.09,1.07,NA,NA,-1.346
2023/3/23 1:00,0.0685,17.04,16.185,23.9,31.4,2023,82,1,82.04166667,1.48,NA,NA,1.16,0.32,NA,NA,0.080755
2023/3/23 2:00,0.071,17.035,16.19,23.9,31.4,2023,82,2,82.08333333,1.54,NA,NA,1.09,0.45,NA,NA,-2.14356
2023/3/23 3:00,0.0675,17.04,16.195,24,31.4,2023,82,3,82.125,1.46,NA,NA,1.08,0.38,NA,NA,-0.347215
2023/3/23 4:00,0.0725,17.03,16.195,24,31.3,2023,82,4,82.16666667,1.52,NA,NA,1.17,0.35,NA,NA,-0.744025
2023/3/23 5:00,0.079,17.03,16.205,24,31.3,2023,82,5,82.20833333,1.5,NA,NA,1.13,0.37,NA,NA,-1.1116
2023/3/23 6:00,31.5305,17.02,16.22,24,31.3,2023,82,6,82.25,1.57,NA,NA,1.12,0.45,NA,NA,1.0976
2023/3/23 7:00,214.2,17.015,16.23,24,31.3,2023,82,7,82.29166667,1.51,NA,NA,1.1,0.41,NA,NA,-0.29675
2023/3/23 8:00,310.55,17.225,16.24,24,31.3,2023,82,8,82.33333333,1.85,NA,NA,1.14,0.71,NA,NA,4.00095
2023/3/23 9:00,477.85,17.505,16.26,23.95,31.3,2023,82,9,82.375,1.55,NA,NA,1.2,0.35,NA,NA,6.9306
2023/3/23 10:00,759,17.955,16.305,23.85,31.3,2023,82,10,82.41666667,1.56,NA,NA,1.09,0.47,NA,NA,10.02745
2023/3/23 11:00,1140.5,18.525,16.385,23.8,31.3,2023,82,11,82.45833333,1.5,NA,NA,1.16,0.34,NA,NA,10.7595
2023/3/23 12:00,1429.5,18.885,16.495,23.7,31.25,2023,82,12,82.5,1.66,NA,NA,1.17,0.49,NA,NA,15.5325
2023/3/23 13:00,1591,19.55,16.625,23.6,31.2,2023,82,13,82.54166667,1.65,NA,NA,1.2,0.45,NA,NA,17.1305
2023/3/23 14:00,1240.5,19.795,16.785,23.5,31.1,2023,82,14,82.58333333,1.73,NA,NA,1.3,0.43,NA,NA,14.2895
2023/3/23 15:00,885,19.735,16.96,23.5,31.1,2023,82,15,82.625,1.68,NA,NA,NA,NA,NA,NA,12.8895
2023/3/23 16:00,445.95,19.62,17.1,23.5,31,2023,82,16,82.66666667,1.68,NA,NA,NA,NA,NA,NA,10.86565
2023/3/23 17:00,185.65,19.445,17.215,23.5,31,2023,82,17,82.70833333,1.85,NA,NA,NA,NA,NA,NA,9.4427
2023/3/23 18:00,15.0655,19.2,17.3,23.5,31,2023,82,18,82.75,2.09,NA,NA,NA,NA,NA,NA,4.51555
2023/3/23 19:00,0.0685,18.96,17.35,23.5,31,2023,82,19,82.79166667,2.15,NA,NA,NA,NA,NA,NA,-0.95075
2023/3/23 20:00,0.059,18.805,17.375,23.5,31,2023,82,20,82.83333333,1.79,NA,NA,NA,NA,NA,NA,-0.279815
2023/3/23 21:00,0.0605,18.665,17.385,23.5,31,2023,82,21,82.875,1.94,NA,NA,NA,NA,NA,NA,-0.984615
2023/3/23 22:00,0.0775,18.61,17.385,23.5,31,2023,82,22,82.91666667,1.89,NA,NA,NA,NA,NA,NA,-1.85245
2023/3/23 23:00,0.0685,18.56,17.375,23.5,31,2023,82,23,82.95833333,1.79,NA,NA,NA,NA,NA,NA,-1.12718
2023/3/24 0:00,0.0865,18.505,17.38,23.5,30.95,2023,83,0,83,1.76,NA,NA,NA,NA,NA,NA,-0.00283
2023/3/24 1:00,0.0785,18.43,17.375,23.5,30.9,2023,83,1,83.04166667,1.76949,NA,NA,NA,NA,NA,NA,-0.91319
2023/3/24 2:00,0.069,18.36,17.365,23.5,30.9,2023,83,2,83.08333333,1.89,NA,NA,NA,NA,NA,NA,-1.99455
2023/3/24 3:00,0.0715,18.285,17.36,23.5,30.9,2023,83,3,83.125,1.86,NA,NA,NA,NA,NA,NA,-0.990875
2023/3/24 4:00,0.063,18.185,17.355,23.5,30.9,2023,83,4,83.16666667,1.69,NA,NA,NA,NA,NA,NA,-1.095055
2023/3/24 5:00,0.0835,18.155,17.34,23.5,30.9,2023,83,5,83.20833333,2.12,NA,NA,1.34,0.78,NA,NA,-0.1523525
2023/3/24 6:00,24.524,18.14,17.325,23.5,30.9,2023,83,6,83.25,1.68,NA,NA,1.43,0.25,NA,NA,-0.375855
2023/3/24 7:00,118.55,18.13,17.315,23.5,30.9,2023,83,7,83.29166667,2.89,NA,NA,1.39,1.5,NA,NA,0.15065
2023/3/24 8:00,330.9,18.22,17.31,23.5,30.9,2023,83,8,83.33333333,1.86,NA,NA,1.36,0.5,NA,NA,3.944
2023/3/24 9:00,513.45,18.48,17.31,23.45,30.9,2023,83,9,83.375,1.86,NA,NA,1.28,0.58,NA,NA,7.29545
2023/3/24 10:00,797.4,18.83,17.33,23.4,30.8,2023,83,10,83.41666667,2.59,NA,NA,1.3,1.29,NA,NA,8.40975
2023/3/24 11:00,940.35,19.2,17.385,23.3,30.8,2023,83,11,83.45833333,1.85,NA,NA,1.28,0.57,NA,NA,14.1205
2023/3/24 12:00,323.7,19.36,17.455,23.3,30.8,2023,83,12,83.5,1.83,NA,NA,1.32,0.51,NA,NA,14.8545
2023/3/24 13:00,621.7,19.39,17.54,23.3,30.8,2023,83,13,83.54166667,1.87,NA,NA,1.33,0.54,NA,NA,6.7822
2023/3/24 14:00,1012.5,19.61,17.615,23.45,30.8,2023,83,14,83.58333333,1.99,NA,NA,1.39,0.6,NA,NA,11.057
2023/3/24 15:00,1059,19.785,17.7,23.35,30.8,2023,83,15,83.625,1.91,NA,NA,1.37,0.54,NA,NA,14.197
2023/3/24 16:00,725,19.805,17.775,23.3,30.8,2023,83,16,83.66666667,1.99,NA,NA,1.47,0.52,NA,NA,14.195
2023/3/24 17:00,290.9,19.69,17.86,23.3,30.8,2023,83,17,83.70833333,2.4,NA,NA,NA,NA,NA,NA,9.6755
2023/3/24 18:00,24.421,19.43,17.92,23.3,30.8,2023,83,18,83.75,2.25,NA,NA,NA,NA,NA,NA,5.71645
2023/3/24 19:00,0.0575,19.07,17.955,23.3,30.8,2023,83,19,83.79166667,2.29,NA,NA,NA,NA,NA,NA,3.0812
2023/3/24 20:00,0.0725,18.72,17.95,23.3,30.8,2023,83,20,83.83333333,2.82,NA,NA,NA,NA,NA,NA,3.6679
2023/3/24 21:00,0.067,18.375,17.92,23.2,30.7,2023,83,21,83.875,2.51,NA,NA,NA,NA,NA,NA,1.34895
2023/3/24 22:00,0.061,18.045,17.86,23.2,30.7,2023,83,22,83.91666667,2.26,NA,NA,NA,NA,NA,NA,1.42515
2023/3/24 23:00,0.0585,17.775,17.79,23.2,30.7,2023,83,23,83.95833333,2.48,NA,NA,1.26,1.22,NA,NA,-1.107745
2023/3/25 0:00,0.0655,17.51,17.7,23.2,30.7,2023,84,0,84,1.91,NA,NA,1.35,0.56,NA,NA,0.94774
2023/3/25 1:00,0.071,17.265,17.615,23.2,30.7,2023,84,1,84.04166667,1.59,NA,NA,1.18,0.41,NA,NA,-1.13959
2023/3/25 2:00,0.0715,17.015,17.515,23.2,30.7,2023,84,2,84.08333333,1.62,NA,NA,1.14,0.48,NA,NA,-1.69335
2023/3/25 3:00,0.0595,16.79,17.415,23.2,30.7,2023,84,3,84.125,1.77,NA,NA,1.17,0.6,NA,NA,-4.583
2023/3/25 4:00,0.066,16.555,17.31,23.2,30.75,2023,84,4,84.16666667,1.44,NA,NA,1.21,0.23,NA,NA,-0.56156
2023/3/25 5:00,0.0765,16.31,17.21,23.2,30.8,2023,84,5,84.20833333,1.42,NA,NA,1.06,0.36,NA,NA,0.723125
2023/3/25 6:00,34.295,16.065,17.095,23.2,30.8,2023,84,6,84.25,1.38,NA,NA,1.03,0.35,NA,NA,-0.188635
2023/3/25 7:00,344,15.915,16.99,23.2,30.8,2023,84,7,84.29166667,1.36,NA,NA,1,0.36,NA,NA,-5.58985
2023/3/25 8:00,769.4,16.095,16.88,23.2,30.8,2023,84,8,84.33333333,1.28,NA,NA,1.01,0.27,NA,NA,0.4136
2023/3/25 9:00,1075,16.51,16.795,23.1,30.75,2023,84,9,84.375,1.27,NA,NA,0.97,0.3,NA,NA,12.844
2023/3/25 10:00,1475.5,17.745,16.76,23,30.7,2023,84,10,84.41666667,1.41,NA,NA,0.98,0.43,NA,NA,15.825
2023/3/25 11:00,1687.5,18.6,16.79,22.9,30.65,2023,84,11,84.45833333,1.4,NA,NA,1.07,0.33,NA,NA,13.5905
2023/3/25 12:00,1740.5,18.425,16.91,22.85,30.6,2023,84,12,84.5,1.56,NA,NA,1.2,0.36,NA,NA,16.8975
2023/3/25 13:00,1611.5,18.845,17.02,22.8,30.55,2023,84,13,84.54166667,1.37,NA,NA,1.15,0.22,NA,NA,14.076
2023/3/25 14:00,1446,18.93,17.13,22.75,30.5,2023,84,14,84.58333333,1.68,NA,NA,1.3,0.38,NA,NA,14.8365
2023/3/25 15:00,1116,18.77,17.235,22.7,30.4,2023,84,15,84.625,1.61,NA,NA,1.46,0.15,NA,NA,11.9315
2023/3/25 16:00,727.1,18.63,17.32,22.7,30.4,2023,84,16,84.66666667,1.8,NA,NA,NA,NA,NA,NA,14.0405
2023/3/25 17:00,322.65,18.45,17.375,22.7,30.35,2023,84,17,84.70833333,1.81,NA,NA,NA,NA,NA,NA,9.6967
2023/3/25 18:00,34.883,18.165,17.405,22.7,30.3,2023,84,18,84.75,1.79,NA,NA,NA,NA,NA,NA,7.6517
2023/3/25 19:00,0.042,17.82,17.415,22.7,30.3,2023,84,19,84.79166667,2.3,NA,NA,NA,NA,NA,NA,1.4429
2023/3/25 20:00,0.065,17.49,17.39,22.7,30.3,2023,84,20,84.83333333,2.32,NA,NA,NA,NA,NA,NA,2.11585
2023/3/25 21:00,0.047,17.165,17.35,22.75,30.25,2023,84,21,84.875,1.81573,NA,NA,NA,NA,NA,NA,2.7619
2023/3/25 22:00,0.0645,16.845,17.27,22.8,30.2,2023,84,22,84.91666667,1.57,NA,NA,NA,NA,NA,NA,2.8423
2023/3/25 23:00,0.072,16.555,17.19,22.8,30.2,2023,84,23,84.95833333,1.5,NA,NA,1.15,0.35,NA,NA,3.023
2023/3/26 0:00,0.071,16.275,17.1,22.8,30.2,2023,85,0,85,1.46,NA,NA,1.08,0.38,NA,NA,2.92605
2023/3/26 1:00,0.046,16,17,22.8,30.2,2023,85,1,85.04166667,1.46,NA,NA,1.08,0.38,NA,NA,0.3560185
2023/3/26 2:00,0.047,15.725,16.89,22.8,30.2,2023,85,2,85.08333333,1.38,NA,NA,1.03,0.35,NA,NA,-0.50585
2023/3/26 3:00,0.078,15.54,16.775,22.8,30.2,2023,85,3,85.125,1.26,NA,NA,1.04,0.22,NA,NA,-4.4785
2023/3/26 4:00,0.054,15.385,16.665,22.8,30.2,2023,85,4,85.16666667,1.32,NA,NA,0.97,0.35,NA,NA,-0.113956
2023/3/26 5:00,0.092,15.2,16.555,22.8,30.2,2023,85,5,85.20833333,1.28,NA,NA,0.97,0.31,NA,NA,-0.332415
2023/3/26 6:00,43.35,15.035,16.445,22.8,30.2,2023,85,6,85.25,1.29,NA,NA,0.93,0.36,NA,NA,0.7874
2023/3/26 7:00,360.75,14.98,16.345,22.8,30.2,2023,85,7,85.29166667,1.26,NA,NA,0.94,0.32,NA,NA,-0.01325
2023/3/26 8:00,759.1,15.295,16.245,22.8,30.2,2023,85,8,85.33333333,1.18,NA,NA,0.89,0.29,NA,NA,2.17245
2023/3/26 9:00,1006.5,15.81,16.18,22.7,30.2,2023,85,9,85.375,1.27,NA,NA,0.88,0.39,NA,NA,7.9396
2023/3/26 10:00,743.9,16.43,16.175,22.6,30.2,2023,85,10,85.41666667,1.42,NA,NA,0.95,0.47,NA,NA,14.496
2023/3/26 11:00,636.75,16.82,16.215,22.5,30.15,2023,85,11,85.45833333,1.32,NA,NA,1,0.32,NA,NA,12.6115
2023/3/26 12:00,451.25,17.04,16.29,22.5,30.1,2023,85,12,85.5,1.46,NA,NA,1.07,0.39,NA,NA,12.109
2023/3/26 13:00,344.1,17.105,16.375,22.45,30.1,2023,85,13,85.54166667,1.56,NA,NA,1.13,0.43,NA,NA,12.1435
2023/3/26 14:00,441.6,17.195,16.45,22.4,30,2023,85,14,85.58333333,1.52,NA,NA,1.16,0.36,NA,NA,11.356
2023/3/26 15:00,280.1,17.245,16.52,22.4,30,2023,85,15,85.625,1.69,NA,NA,1.18,0.51,NA,NA,11.3725
2023/3/26 16:00,360.8,17.28,16.575,22.4,29.9,2023,85,16,85.66666667,1.96,NA,NA,1.17,0.79,NA,NA,9.21675
2023/3/26 17:00,100.8,17.28,16.62,22.4,29.9,2023,85,17,85.70833333,1.8,NA,NA,1.18,0.62,NA,NA,9.7378
2023/3/26 18:00,22.551,17.17,16.67,22.4,29.9,2023,85,18,85.75,1.68,NA,NA,1.18,0.5,NA,NA,3.58628
2023/3/26 19:00,0.051,17,16.69,22.4,29.9,2023,85,19,85.79166667,1.93,NA,NA,1.18,0.75,NA,NA,0.658495
2023/3/26 20:00,0.0565,16.785,16.705,22.4,29.9,2023,85,20,85.83333333,2.85,NA,NA,1.14,1.71,NA,NA,2.44465
2023/3/26 21:00,0.069,16.575,16.695,22.4,29.9,2023,85,21,85.875,1.65,NA,NA,1.21,0.44,NA,NA,0.27631
2023/3/26 22:00,0.0785,16.38,16.66,22.4,29.9,2023,85,22,85.91666667,1.76,NA,NA,1.08,0.68,NA,NA,0.30760125
2023/3/26 23:00,0.0695,16.2,16.63,22.4,29.8,2023,85,23,85.95833333,1.97,NA,NA,1.04,0.93,NA,NA,0.0628012
2023/3/27 0:00,0.0515,16.03,16.58,22.4,29.8,2023,86,0,86,1.64987,NA,NA,1.11,0.53987,NA,NA,-0.354955
2023/3/27 1:00,0.0655,15.87,16.525,22.4,29.8,2023,86,1,86.04166667,1.54,NA,NA,1.02,0.52,NA,NA,-0.0595963
2023/3/27 2:00,0.0695,15.725,16.465,22.4,29.8,2023,86,2,86.08333333,2.03,NA,NA,1.04,0.99,NA,NA,0.37986
2023/3/27 3:00,0.0615,15.6,16.4,22.4,29.8,2023,86,3,86.125,1.99,NA,NA,1.05,0.94,NA,NA,-3.64885
2023/3/27 4:00,0.069,15.495,16.34,22.4,29.8,2023,86,4,86.16666667,1.51,NA,NA,0.97,0.54,NA,NA,0.06545
2023/3/27 5:00,0.089,15.38,16.275,22.4,29.8,2023,86,5,86.20833333,1.42,NA,NA,1.01,0.41,NA,NA,-0.3964795
2023/3/27 6:00,44.96,15.255,16.215,22.4,29.8,2023,86,6,86.25,1.58,NA,NA,0.96,0.62,NA,NA,0.883725
2023/3/27 7:00,337.55,15.24,16.145,22.4,29.8,2023,86,7,86.29166667,1.33,NA,NA,0.96,0.37,NA,NA,2.03235
2023/3/27 8:00,735.3,15.475,16.095,22.35,29.7,2023,86,8,86.33333333,1.31,NA,NA,0.95,0.36,NA,NA,9.027
2023/3/27 9:00,1039,15.86,16.06,22.3,29.7,2023,86,9,86.375,1.47,NA,NA,0.94,0.53,NA,NA,13.333
2023/3/27 10:00,1448,17.04,16.065,22.15,29.7,2023,86,10,86.41666667,1.35,NA,NA,0.98,0.37,NA,NA,16.8525
2023/3/27 11:00,1649,17.86,16.14,22.05,29.65,2023,86,11,86.45833333,1.34,NA,NA,0.99,0.35,NA,NA,16.565
2023/3/27 12:00,1678,17.87,16.285,22,29.6,2023,86,12,86.5,1.35,NA,NA,1.07,0.28,NA,NA,14.564
2023/3/27 13:00,1605,18.285,16.425,21.95,29.5,2023,86,13,86.54166667,1.43,NA,NA,1.14,0.29,NA,NA,16.8145
2023/3/27 14:00,1423.5,18.54,16.565,21.9,29.45,2023,86,14,86.58333333,1.63,NA,NA,1.16,0.47,NA,NA,13.6595
2023/3/27 15:00,1023,18.53,16.705,21.85,29.4,2023,86,15,86.625,1.59,NA,NA,1.35,0.24,NA,NA,17.485
2023/3/27 16:00,611.75,18.505,16.84,21.8,29.3,2023,86,16,86.66666667,1.93,NA,NA,1.54,0.39,NA,NA,15.065
2023/3/27 17:00,185.6,18.44,16.94,21.8,29.3,2023,86,17,86.70833333,2.01,NA,NA,NA,NA,NA,NA,10.78645
2023/3/27 18:00,26.6725,18.25,17.025,21.8,29.25,2023,86,18,86.75,2.28,NA,NA,NA,NA,NA,NA,5.51005
2023/3/27 19:00,0.0475,17.985,17.09,21.8,29.2,2023,86,19,86.79166667,2.6,NA,NA,NA,NA,NA,NA,2.71155
2023/3/27 20:00,0.047,17.72,17.11,21.8,29.2,2023,86,20,86.83333333,3.23,NA,NA,NA,NA,NA,NA,2.82645
2023/3/27 21:00,0.054,17.48,17.11,21.8,29.2,2023,86,21,86.875,2.28,NA,NA,NA,NA,NA,NA,3.12275
2023/3/27 22:00,0.047,17.265,17.085,21.8,29.2,2023,86,22,86.91666667,2.71,NA,NA,NA,NA,NA,NA,2.11515
2023/3/27 23:00,0.0585,17.115,17.05,21.8,29.2,2023,86,23,86.95833333,1.93,NA,NA,1.26,0.67,NA,NA,1.5162755
2023/3/28 0:00,0.057,16.96,17.01,21.8,29.2,2023,87,0,87,1.82,NA,NA,1.3,0.52,NA,NA,2.51615
2023/3/28 1:00,0.077,16.805,16.965,21.8,29.2,2023,87,1,87.04166667,1.74,NA,NA,1.22,0.52,NA,NA,1.4685209
2023/3/28 2:00,0.0545,16.67,16.92,21.8,29.15,2023,87,2,87.08333333,1.71,NA,NA,1.3,0.41,NA,NA,-0.53519
2023/3/28 3:00,0.0695,16.575,16.87,21.8,29.1,2023,87,3,87.125,1.6,NA,NA,1.22,0.38,NA,NA,-0.199865
2023/3/28 4:00,0.0675,16.495,16.82,21.8,29.1,2023,87,4,87.16666667,1.64,NA,NA,1.15,0.49,NA,NA,-1.81885
2023/3/28 5:00,0.0865,16.405,16.77,21.8,29.1,2023,87,5,87.20833333,1.86,NA,NA,1.17,0.69,NA,NA,-2.62261
2023/3/28 6:00,28.6815,16.305,16.725,21.8,29.1,2023,87,6,87.25,1.59986,NA,NA,1.11,0.48986,NA,NA,-0.16915
2023/3/28 7:00,198,16.25,16.675,21.8,29.1,2023,87,7,87.29166667,2.23,NA,NA,1.18,1.05,NA,NA,1.629105
2023/3/28 8:00,564.95,16.28,16.63,21.8,29.1,2023,87,8,87.33333333,1.83,NA,NA,1.09,0.74,NA,NA,6.26235
2023/3/28 9:00,944,16.455,16.6,21.8,29,2023,87,9,87.375,1.76,NA,NA,1.12,0.64,NA,NA,13.43845
2023/3/28 10:00,1244,17.265,16.575,21.65,29,2023,87,10,87.41666667,1.72,NA,NA,1.09,0.63,NA,NA,15.774
2023/3/28 11:00,1057.85,17.595,16.61,21.6,29,2023,87,11,87.45833333,1.56,NA,NA,1.09,0.47,NA,NA,18.475
2023/3/28 12:00,1561,17.54,16.675,21.55,28.9,2023,87,12,87.5,1.59,NA,NA,1.2,0.39,NA,NA,17.2795
2023/3/28 13:00,1634,17.805,16.73,21.5,28.8,2023,87,13,87.54166667,1.59,NA,NA,1.15,0.44,NA,NA,23.896
2023/3/28 14:00,1382.5,17.88,16.8,21.5,28.75,2023,87,14,87.58333333,1.61,NA,NA,1.22,0.39,NA,NA,18.451
2023/3/28 15:00,693.75,17.78,16.865,21.4,28.7,2023,87,15,87.625,1.6,NA,NA,1.27,0.33,NA,NA,15.9305
2023/3/28 16:00,499.7,17.635,16.91,21.4,28.6,2023,87,16,87.66666667,1.82,NA,NA,1.61,0.21,NA,NA,14.169
2023/3/28 17:00,197.35,17.41,16.94,21.4,28.6,2023,87,17,87.70833333,1.92,NA,NA,NA,NA,NA,NA,12.1835
2023/3/28 18:00,17.0385,17.135,16.95,21.4,28.6,2023,87,18,87.75,1.94,NA,NA,NA,NA,NA,NA,4.702795
2023/3/28 19:00,0.0515,16.85,16.94,21.4,28.5,2023,87,19,87.79166667,1.81,NA,NA,NA,NA,NA,NA,3.04675
2023/3/28 20:00,0.064,16.61,16.9,21.4,28.5,2023,87,20,87.83333333,1.85,NA,NA,NA,NA,NA,NA,2.6753
2023/3/28 21:00,0.065,16.39,16.84,21.4,28.5,2023,87,21,87.875,1.62,NA,NA,1.17,0.45,NA,NA,1.7301
2023/3/28 22:00,0.064,16.185,16.78,21.4,28.5,2023,87,22,87.91666667,1.61,NA,NA,1.15,0.46,NA,NA,0.86915
2023/3/28 23:00,0.059,15.96,16.71,21.5,28.4,2023,87,23,87.95833333,1.61,NA,NA,1.15,0.46,NA,NA,-0.258145
2023/3/29 0:00,0.0655,15.8,16.64,21.5,28.4,2023,88,0,88,1.49,NA,NA,1.14,0.35,NA,NA,0.4331585
2023/3/29 1:00,0.067,15.665,16.555,21.5,28.4,2023,88,1,88.04166667,1.49,NA,NA,1.09,0.4,NA,NA,0.074027
2023/3/29 2:00,0.056,15.55,16.48,21.5,28.4,2023,88,2,88.08333333,1.52,NA,NA,1.09,0.43,NA,NA,-2.81005
2023/3/29 3:00,0.079,15.44,16.41,21.5,28.4,2023,88,3,88.125,1.63,NA,NA,1.08,0.55,NA,NA,1.71175
2023/3/29 4:00,0.06,15.29,16.335,21.65,28.45,2023,88,4,88.16666667,1.4,NA,NA,1.09,0.31,NA,NA,-0.035015
2023/3/29 5:00,0.071,15.11,16.265,22.15,28.65,2023,88,5,88.20833333,1.41,NA,NA,1.03,0.38,NA,NA,-1.2641
2023/3/29 6:00,19.881,14.925,16.19,22.5,28.9,2023,88,6,88.25,1.53,NA,NA,1.09,0.44,NA,NA,-2.337635
2023/3/29 7:00,94.85,14.77,16.1,22.35,29.1,2023,88,7,88.29166667,1.49,NA,NA,1.07,0.42,NA,NA,-2.33445
2023/3/29 8:00,142.35,14.745,16.015,22.4,29.2,2023,88,8,88.33333333,1.57,NA,NA,1.12,0.45,NA,NA,1.31895
2023/3/29 9:00,248.65,14.72,15.945,22.45,29.3,2023,88,9,88.375,1.37,NA,NA,1.06,0.31,NA,NA,0.96887
2023/3/29 10:00,727.7,14.845,15.88,22.4,29.3,2023,88,10,88.41666667,1.42,NA,NA,1.03,0.39,NA,NA,11.471
2023/3/29 11:00,1478,15.27,15.83,22.35,29.3,2023,88,11,88.45833333,1.35,NA,NA,1.04,0.31,NA,NA,8.73135
2023/3/29 12:00,1438,15.63,15.825,22.3,29.3,2023,88,12,88.5,1.33,NA,NA,1.07,0.26,NA,NA,18.059
2023/3/29 13:00,1691.5,16.05,15.86,22.25,29.3,2023,88,13,88.54166667,1.39,NA,NA,1.11,0.28,NA,NA,17.3555
2023/3/29 14:00,1466,16.385,15.91,22.2,29.3,2023,88,14,88.58333333,1.49,NA,NA,1.15,0.34,NA,NA,22.9815
2023/3/29 15:00,1059,16.51,15.99,22.2,29.3,2023,88,15,88.625,1.51,NA,NA,1.19,0.32,NA,NA,18.414
2023/3/29 16:00,549.75,16.555,16.07,22.2,29.3,2023,88,16,88.66666667,1.64,NA,NA,1.6,0.04,NA,NA,19.0765
2023/3/29 17:00,141.65,16.545,16.135,22.2,29.3,2023,88,17,88.70833333,1.77,NA,NA,1.44,0.33,NA,NA,13.044
2023/3/29 18:00,21.9445,16.465,16.19,22.2,29.3,2023,88,18,88.75,1.81,NA,NA,1.36,0.45,NA,NA,3.55234
2023/3/29 19:00,0.062,16.355,16.23,22.2,29.3,2023,88,19,88.79166667,1.66,NA,NA,1.27,0.39,NA,NA,-0.150595
2023/3/29 20:00,0.068,16.26,16.255,22.2,29.3,2023,88,20,88.83333333,1.72,NA,NA,1.24,0.48,NA,NA,0.2863415
2023/3/29 21:00,0.0725,16.135,16.26,22.2,29.3,2023,88,21,88.875,1.58,NA,NA,1.19,0.39,NA,NA,0.232775
2023/3/29 22:00,0.055,15.965,16.255,22.2,29.3,2023,88,22,88.91666667,1.97,NA,NA,1.22,0.75,NA,NA,0.0791375
2023/3/29 23:00,0.058,15.795,16.235,22.2,29.25,2023,88,23,88.95833333,1.6,NA,NA,1.15,0.45,NA,NA,-0.12242595
2023/3/30 0:00,0.0655,15.685,16.21,22.2,29.2,2023,89,0,89,1.53,NA,NA,1.16,0.37,NA,NA,-0.186172
2023/3/30 1:00,0.0655,15.595,16.17,22.2,29.2,2023,89,1,89.04166667,1.53,NA,NA,1.09,0.44,NA,NA,0.00481155
2023/3/30 2:00,0.077,15.57,16.135,22.2,29.2,2023,89,2,89.08333333,1.47,NA,NA,1.1,0.37,NA,NA,0.094966
2023/3/30 3:00,0.0765,15.555,16.1,22.2,29.2,2023,89,3,89.125,1.5,NA,NA,1.1,0.4,NA,NA,-0.033285
2023/3/30 4:00,0.06,15.525,16.07,22.2,29.2,2023,89,4,89.16666667,1.43,NA,NA,1.09,0.34,NA,NA,1.37984
2023/3/30 5:00,0.076,15.49,16.04,22.2,29.2,2023,89,5,89.20833333,1.46,NA,NA,1.08,0.38,NA,NA,0.744445
2023/3/30 6:00,18.7455,15.485,16.02,22.2,29.2,2023,89,6,89.25,1.59,NA,NA,1.14,0.45,NA,NA,1.585575
2023/3/30 7:00,77.28,15.51,15.995,22.1,29.2,2023,89,7,89.29166667,1.42,NA,NA,1.06,0.36,NA,NA,-0.792315
2023/3/30 8:00,358.4,15.615,15.975,22.1,29.2,2023,89,8,89.33333333,1.53,NA,NA,1.11,0.42,NA,NA,3.5993
2023/3/30 9:00,408.75,15.865,15.97,22.1,29.2,2023,89,9,89.375,1.48,NA,NA,1.08,0.4,NA,NA,6.874
2023/3/30 10:00,656.4,16.135,15.985,22,29.2,2023,89,10,89.41666667,1.85,NA,NA,1.13,0.72,NA,NA,9.8196
2023/3/30 11:00,517.4,16.56,16.02,22,29.2,2023,89,11,89.45833333,1.55,NA,NA,1.13,0.42,NA,NA,12.352
2023/3/30 12:00,548,16.865,16.085,22,29.2,2023,89,12,89.5,1.7,NA,NA,1.13,0.57,NA,NA,12.18095
2023/3/30 13:00,242.9,17.06,16.17,22,29.1,2023,89,13,89.54166667,1.63,NA,NA,1.17,0.46,NA,NA,12.801
2023/3/30 14:00,183.75,17.125,16.255,22,29.1,2023,89,14,89.58333333,1.72,NA,NA,1.19,0.53,NA,NA,6.6925
2023/3/30 15:00,336.6,17.215,16.335,22,29.1,2023,89,15,89.625,1.83,NA,NA,1.24,0.59,NA,NA,6.03895
2023/3/30 16:00,316.9,17.405,16.41,21.9,29.05,2023,89,16,89.66666667,1.79,NA,NA,1.25,0.54,NA,NA,7.20945
2023/3/30 17:00,178.8,17.52,16.48,21.9,29,2023,89,17,89.70833333,1.93,NA,NA,1.27,0.66,NA,NA,10.7733
2023/3/30 18:00,20.0155,17.515,16.56,21.9,29,2023,89,18,89.75,2.23,NA,NA,1.3,0.93,NA,NA,5.56165
2023/3/30 19:00,0.0755,17.455,16.625,21.9,29,2023,89,19,89.79166667,1.78,NA,NA,1.24,0.54,NA,NA,2.85225
2023/3/30 20:00,0.0725,17.42,16.67,21.9,29,2023,89,20,89.83333333,1.83,NA,NA,1.3,0.53,NA,NA,1.86135
2023/3/30 21:00,0.0675,17.41,16.71,21.9,29,2023,89,21,89.875,1.91,NA,NA,1.41,0.5,NA,NA,0.9803
2023/3/30 22:00,0.0705,17.435,16.745,21.9,29,2023,89,22,89.91666667,1.84,NA,NA,1.31,0.53,NA,NA,-0.90818
2023/3/30 23:00,0.076,17.475,16.775,21.9,29,2023,89,23,89.95833333,1.96,NA,NA,1.26,0.7,NA,NA,-0.4914
2023/3/31 0:00,0.076,17.55,16.8,21.9,29,2023,90,0,90,1.86,NA,NA,1.25,0.61,NA,NA,0.16915
2023/3/31 1:00,0.077,17.62,16.83,21.85,29,2023,90,1,90.04166667,1.82,NA,NA,1.3,0.52,NA,NA,-0.0176
2023/3/31 2:00,0.0695,17.685,16.865,21.8,29,2023,90,2,90.08333333,1.86,NA,NA,1.31,0.55,NA,NA,-1.46735
2023/3/31 3:00,0.077,17.715,16.9,21.8,29,2023,90,3,90.125,1.78,NA,NA,1.36,0.42,NA,NA,0.1389
2023/3/31 4:00,0.0695,17.725,16.94,21.75,29,2023,90,4,90.16666667,1.74,NA,NA,1.39,0.35,NA,NA,-2.47095
2023/3/31 5:00,0.123,17.7,16.97,21.7,28.9,2023,90,5,90.20833333,1.82,NA,NA,1.36,0.46,NA,NA,-0.72972
2023/3/31 6:00,20.225,17.665,16.995,21.7,28.9,2023,90,6,90.25,1.88,NA,NA,1.32,0.56,NA,NA,-0.018045
2023/3/31 7:00,169.85,17.7,17.015,21.7,28.9,2023,90,7,90.29166667,1.9,NA,NA,1.38,0.52,NA,NA,-0.009845
2023/3/31 8:00,349.35,17.915,17.035,21.7,28.9,2023,90,8,90.33333333,2.05,NA,NA,1.33,0.72,NA,NA,0.872155
2023/3/31 9:00,648.75,18.175,17.07,21.7,28.9,2023,90,9,90.375,1.89,NA,NA,1.34,0.55,NA,NA,9.1617
2023/3/31 10:00,1157,18.82,17.125,21.65,28.85,2023,90,10,90.41666667,1.87,NA,NA,1.33,0.54,NA,NA,13.2225
2023/3/31 11:00,1092.5,19.435,17.215,21.55,28.8,2023,90,11,90.45833333,2.07,NA,NA,1.33,0.74,NA,NA,21.018
2023/3/31 12:00,1184.5,19.615,17.355,21.5,28.75,2023,90,12,90.5,1.95,NA,NA,1.43,0.52,NA,NA,19.859
2023/3/31 13:00,993.5,19.765,17.495,21.5,28.65,2023,90,13,90.54166667,2.03,NA,NA,1.42,0.61,NA,NA,20.4415
2023/3/31 14:00,705,19.875,17.62,21.4,28.6,2023,90,14,90.58333333,2.13,NA,NA,NA,NA,NA,NA,17.352
2023/3/31 15:00,688.6,19.925,17.745,21.4,28.55,2023,90,15,90.625,2.15,NA,NA,NA,NA,NA,NA,14.218
2023/3/31 16:00,173.4,19.895,17.855,21.4,28.5,2023,90,16,90.66666667,2.33,NA,NA,NA,NA,NA,NA,12.02855
2023/3/31 17:00,37.415,19.735,17.945,21.35,28.4,2023,90,17,90.70833333,2.31,NA,NA,NA,NA,NA,NA,2.5681
2023/3/31 18:00,15.875,19.505,18.015,21.6,28.55,2023,90,18,90.75,2.27,NA,NA,NA,NA,NA,NA,2.7423
2023/3/31 19:00,0.074,19.21,18.05,21.5,28.6,2023,90,19,90.79166667,2.93,NA,NA,NA,NA,NA,NA,0.48652
2023/3/31 20:00,0.074,18.95,18.06,21.5,28.6,2023,90,20,90.83333333,2.73,NA,NA,NA,NA,NA,NA,2.75321
2023/3/31 21:00,0.069,18.73,18.045,21.45,28.6,2023,90,21,90.875,2.65,NA,NA,NA,NA,NA,NA,0.94016
2023/3/31 22:00,0.0695,18.525,18.01,21.4,28.6,2023,90,22,90.91666667,2.3,NA,NA,NA,NA,NA,NA,0.86933
2023/3/31 23:00,0.0735,18.33,17.97,21.5,28.6,2023,90,23,90.95833333,2.86057,NA,NA,NA,NA,NA,NA,0.759955
2023/4/1 0:00,0.052,18.14,17.925,21.5,28.6,2023,91,0,91,2.34,NA,NA,1.47,0.87,NA,NA,1.1624
2023/4/1 1:00,0.062,17.95,17.875,21.5,28.6,2023,91,1,91.04166667,2.08392,NA,NA,1.51,0.57392,NA,NA,-2.7675535
2023/4/1 2:00,0.0695,17.75,17.815,21.5,28.6,2023,91,2,91.08333333,2.06,NA,NA,1.51,0.55,NA,NA,0.53616
2023/4/1 3:00,0.061,17.535,17.745,21.5,28.6,2023,91,3,91.125,1.84,NA,NA,1.48,0.36,NA,NA,-2.68768
2023/4/1 4:00,0.059,17.29,17.68,21.5,28.6,2023,91,4,91.16666667,1.85,NA,NA,1.34,0.51,NA,NA,1.127735
2023/4/1 5:00,0.2135,17.07,17.6,21.5,28.6,2023,91,5,91.20833333,1.81526,NA,NA,1.32,0.49526,NA,NA,-5.40215
2023/4/1 6:00,49.575,16.855,17.51,21.5,28.6,2023,91,6,91.25,1.7,NA,NA,1.4,0.3,NA,NA,-11.8978
2023/4/1 7:00,399.75,16.72,17.43,21.5,28.6,2023,91,7,91.29166667,1.65,NA,NA,1.27,0.38,NA,NA,-2.246945
2023/4/1 8:00,796.05,16.875,17.34,21.5,28.6,2023,91,8,91.33333333,1.69,NA,NA,1.31,0.38,NA,NA,3.47045
2023/4/1 9:00,1119.5,17.21,17.28,21.4,28.6,2023,91,9,91.375,1.61,NA,NA,1.14,0.47,NA,NA,18.4085
2023/4/1 10:00,1513,17.875,17.25,21.35,28.55,2023,91,10,91.41666667,2.2,NA,NA,1.26,0.94,NA,NA,14.068
2023/4/1 11:00,1688.5,18.225,17.27,21.3,28.5,2023,91,11,91.45833333,1.91,NA,NA,1.25,0.66,NA,NA,15.6075
2023/4/1 12:00,1699.5,18.26,17.335,21.3,28.4,2023,91,12,91.5,2,NA,NA,1.27,0.73,NA,NA,16.3365
2023/4/1 13:00,1702.5,18.49,17.395,21.2,28.35,2023,91,13,91.54166667,1.88,NA,NA,1.27,0.61,NA,NA,18.702
2023/4/1 14:00,1393,18.64,17.465,21.2,28.25,2023,91,14,91.58333333,1.89,NA,NA,1.43,0.46,NA,NA,16.655
2023/4/1 15:00,798.8,18.665,17.53,21.1,28.2,2023,91,15,91.625,1.87,NA,NA,1.41,0.46,NA,NA,15.7455
2023/4/1 16:00,478.45,18.655,17.595,21.1,28.15,2023,91,16,91.66666667,2.32,NA,NA,1.87,0.45,NA,NA,14.0365
2023/4/1 17:00,278.45,18.59,17.65,21.1,28.1,2023,91,17,91.70833333,2.28,NA,NA,NA,NA,NA,NA,11.3626
2023/4/1 18:00,37.976,18.39,17.685,21.1,28.05,2023,91,18,91.75,2.44,NA,NA,NA,NA,NA,NA,9.5025
2023/4/1 19:00,0.057,18.12,17.7,21.1,28,2023,91,19,91.79166667,2.49,NA,NA,NA,NA,NA,NA,3.3797
2023/4/1 20:00,0.0555,17.825,17.69,21.1,28,2023,91,20,91.83333333,3.2,NA,NA,NA,NA,NA,NA,3.6707
2023/4/1 21:00,0.061,17.54,17.66,21.1,28,2023,91,21,91.875,2,NA,NA,NA,NA,NA,NA,4.15385
2023/4/1 22:00,0.0595,17.3,17.605,21.1,28,2023,91,22,91.91666667,1.95,NA,NA,1.31,0.64,NA,NA,0.849045
2023/4/1 23:00,0.066,17.125,17.535,21.1,28,2023,91,23,91.95833333,1.82198,NA,NA,1.24,0.58198,NA,NA,0.685975
2023/4/2 0:00,0.0615,16.96,17.47,21.15,28,2023,92,0,92,1.83,NA,NA,1.19,0.64,NA,NA,2.3183
2023/4/2 1:00,0.0655,16.81,17.4,21.1,28,2023,92,1,92.04166667,1.79,NA,NA,1.23,0.56,NA,NA,0.761805
2023/4/2 2:00,0.0645,16.65,17.32,21.1,28,2023,92,2,92.08333333,1.7,NA,NA,1.15,0.55,NA,NA,-1.92625
2023/4/2 3:00,0.0625,16.52,17.25,21.1,27.9,2023,92,3,92.125,1.67,NA,NA,1.14,0.53,NA,NA,0.90396
2023/4/2 4:00,0.0755,16.39,17.185,21.1,27.9,2023,92,4,92.16666667,1.65,NA,NA,1.12,0.53,NA,NA,2.247635
2023/4/2 5:00,0.152,16.265,17.11,21.1,27.9,2023,92,5,92.20833333,1.71,NA,NA,1.14,0.57,NA,NA,-0.02235
2023/4/2 6:00,47.08,16.145,17.04,21.1,27.9,2023,92,6,92.25,1.72,NA,NA,1.11,0.61,NA,NA,2.88675
2023/4/2 7:00,264.65,16.115,16.965,21.1,27.9,2023,92,7,92.29166667,1.64,NA,NA,1.14,0.5,NA,NA,6.7846
2023/4/2 8:00,639.35,16.325,16.905,21.1,27.9,2023,92,8,92.33333333,1.57,NA,NA,1.09,0.48,NA,NA,8.6733
2023/4/2 9:00,821.25,16.79,16.865,21.1,27.9,2023,92,9,92.375,1.85,NA,NA,1.09,0.76,NA,NA,12.01615
2023/4/2 10:00,1096,17.36,16.865,21,27.8,2023,92,10,92.41666667,1.88,NA,NA,1.16,0.72,NA,NA,17.677
2023/4/2 11:00,1473,17.88,16.91,20.95,27.75,2023,92,11,92.45833333,1.89,NA,NA,1.19,0.7,NA,NA,17.322
2023/4/2 12:00,1085,18.32,17.01,20.9,27.7,2023,92,12,92.5,1.87,NA,NA,1.28,0.59,NA,NA,17.9825
2023/4/2 13:00,679.8,18.625,17.13,20.8,27.6,2023,92,13,92.54166667,2,NA,NA,1.27,0.73,NA,NA,19.886
2023/4/2 14:00,826.5,18.82,17.255,20.8,27.55,2023,92,14,92.58333333,2.14,NA,NA,1.38,0.76,NA,NA,16.9255
2023/4/2 15:00,495.4,19.02,17.38,20.8,27.5,2023,92,15,92.625,2.56,NA,NA,1.37,1.19,NA,NA,15.7885
2023/4/2 16:00,242.95,19.105,17.495,20.8,27.4,2023,92,16,92.66666667,2.3,NA,NA,1.38,0.92,NA,NA,13.155
2023/4/2 17:00,83.275,19.06,17.6,20.8,27.4,2023,92,17,92.70833333,2.39,NA,NA,1.48,0.91,NA,NA,5.95565
2023/4/2 18:00,15.554,18.98,17.69,20.8,27.4,2023,92,18,92.75,2.41,NA,NA,1.47,0.94,NA,NA,3.09405
2023/4/2 19:00,0.0575,18.9,17.75,20.8,27.4,2023,92,19,92.79166667,2.5,NA,NA,1.41,1.09,NA,NA,0.7452
2023/4/2 20:00,0.066,18.81,17.8,20.8,27.3,2023,92,20,92.83333333,2.54,NA,NA,1.48,1.06,NA,NA,0.06141
2023/4/2 21:00,0.0595,18.685,17.83,20.8,27.3,2023,92,21,92.875,3.5594,NA,NA,1.6,1.9594,NA,NA,1.9977
2023/4/2 22:00,0.061,18.575,17.85,20.8,27.3,2023,92,22,92.91666667,3.16,NA,NA,1.67,1.49,NA,NA,-0.771625
2023/4/2 23:00,0.0655,18.46,17.85,20.8,27.3,2023,92,23,92.95833333,2.6,NA,NA,1.49,1.11,NA,NA,-2.23315
2023/4/3 0:00,0.0715,18.34,17.85,20.8,27.3,2023,93,0,93,2.74,NA,NA,1.52,1.22,NA,NA,2.208
2023/4/3 1:00,0.073,18.23,17.835,20.8,27.3,2023,93,1,93.04166667,2.56,NA,NA,1.59,0.97,NA,NA,1.2954855
2023/4/3 2:00,0.0675,18.13,17.815,20.8,27.3,2023,93,2,93.08333333,2.39,NA,NA,1.41,0.98,NA,NA,2.17224
2023/4/3 3:00,0.0755,18.14,17.795,20.8,27.3,2023,93,3,93.125,2.54,NA,NA,1.61,0.93,NA,NA,-4.22355
2023/4/3 4:00,0.0745,18.18,17.775,20.8,27.3,2023,93,4,93.16666667,2.68,NA,NA,1.42,1.26,NA,NA,-1.71973
2023/4/3 5:00,0.1665,18.21,17.765,20.8,27.3,2023,93,5,93.20833333,2.74,NA,NA,1.49,1.25,NA,NA,0.771295
2023/4/3 6:00,26.635,18.255,17.765,20.8,27.3,2023,93,6,93.25,3.18,NA,NA,1.51,1.67,NA,NA,-2.64685
2023/4/3 7:00,148.8,18.34,17.765,20.8,27.2,2023,93,7,93.29166667,3.04,NA,NA,1.51,1.53,NA,NA,-2.61875
2023/4/3 8:00,349.9,18.52,17.775,20.8,27.2,2023,93,8,93.33333333,3.04,NA,NA,1.54,1.5,NA,NA,-1.447
2023/4/3 9:00,593.25,18.79,17.8,20.75,27.2,2023,93,9,93.375,2.44,NA,NA,1.53,0.91,NA,NA,14.827
2023/4/3 10:00,836.6,19.16,17.845,20.7,27.15,2023,93,10,93.41666667,2.53,NA,NA,1.48,1.05,NA,NA,16.4675
2023/4/3 11:00,1211.5,19.555,17.92,20.65,27.1,2023,93,11,93.45833333,2.65,NA,NA,1.46,1.19,NA,NA,19.694
2023/4/3 12:00,1635.5,19.9,18.015,20.6,27.05,2023,93,12,93.5,2.61,NA,NA,1.5,1.11,NA,NA,24.2385
2023/4/3 13:00,1673,20.3,18.13,20.55,26.9,2023,93,13,93.54166667,2.48,NA,NA,1.57,0.91,NA,NA,24.159
2023/4/3 14:00,1404.5,20.53,18.255,20.5,26.8,2023,93,14,93.58333333,2.72,NA,NA,1.61,1.11,NA,NA,23.97
2023/4/3 15:00,1114.5,20.68,18.385,20.5,26.75,2023,93,15,93.625,2.77,NA,NA,NA,NA,NA,NA,16.7175
2023/4/3 16:00,656.05,20.72,18.51,20.4,26.7,2023,93,16,93.66666667,3.08,NA,NA,NA,NA,NA,NA,18.305
2023/4/3 17:00,164.5,20.66,18.62,20.4,26.65,2023,93,17,93.70833333,2.99,NA,NA,NA,NA,NA,NA,12.919
2023/4/3 18:00,21.87,20.525,18.71,20.4,26.6,2023,93,18,93.75,2.89,NA,NA,NA,NA,NA,NA,6.959
2023/4/3 19:00,0.0555,20.345,18.775,20.4,26.6,2023,93,19,93.79166667,4.35,NA,NA,NA,NA,NA,NA,3.57995
2023/4/3 20:00,0.0575,20.19,18.81,20.4,26.5,2023,93,20,93.83333333,4.1,NA,NA,NA,NA,NA,NA,1.00667
2023/4/3 21:00,0.059,20.01,18.835,20.4,26.5,2023,93,21,93.875,3.62,NA,NA,NA,NA,NA,NA,0.904809
2023/4/3 22:00,0.0545,19.825,18.835,20.4,26.5,2023,93,22,93.91666667,3.96,NA,NA,NA,NA,NA,NA,1.82283
2023/4/3 23:00,0.067,19.68,18.82,20.4,26.5,2023,93,23,93.95833333,3.07,NA,NA,NA,NA,NA,NA,0.685595
2023/4/4 0:00,0.066,19.575,18.8,20.4,26.5,2023,94,0,94,2.66,NA,NA,NA,NA,NA,NA,0.47034
2023/4/4 1:00,0.0585,19.48,18.775,20.4,26.5,2023,94,1,94.04166667,3.38,NA,NA,NA,NA,NA,NA,-2.210815
2023/4/4 2:00,0.0775,19.415,18.75,20.4,26.5,2023,94,2,94.08333333,3.2,NA,NA,NA,NA,NA,NA,-2.80125
2023/4/4 3:00,0.068,19.4,18.725,20.4,26.5,2023,94,3,94.125,4.15,NA,NA,1.67,2.48,NA,NA,-3.1963
2023/4/4 4:00,0.0705,19.38,18.705,20.4,26.5,2023,94,4,94.16666667,2.7,NA,NA,1.71,0.99,NA,NA,-1.60155
2023/4/4 5:00,0.232,19.365,18.695,20.4,26.4,2023,94,5,94.20833333,3.64,NA,NA,1.66,1.98,NA,NA,-3.1443
2023/4/4 6:00,41.995,19.36,18.68,20.4,26.4,2023,94,6,94.25,3.35,NA,NA,1.61,1.74,NA,NA,-0.41034
2023/4/4 7:00,227.4,19.39,18.67,20.4,26.4,2023,94,7,94.29166667,2.96,NA,NA,1.65,1.31,NA,NA,-0.87595
2023/4/4 8:00,474.3,19.535,18.665,20.4,26.4,2023,94,8,94.33333333,3.7,NA,NA,1.92,1.78,NA,NA,4.6058
2023/4/4 9:00,586.75,19.735,18.67,20.4,26.35,2023,94,9,94.375,3.34,NA,NA,1.74,1.6,NA,NA,12.2315
2023/4/4 10:00,887.5,20.02,18.705,20.4,26.3,2023,94,10,94.41666667,3.04,NA,NA,1.64,1.4,NA,NA,15.464
2023/4/4 11:00,954,20.32,18.745,20.3,26.3,2023,94,11,94.45833333,2.87,NA,NA,1.63,1.24,NA,NA,21.593
2023/4/4 12:00,939.55,20.57,18.82,20.3,26.2,2023,94,12,94.5,2.84,NA,NA,1.68,1.16,NA,NA,19.887
2023/4/4 13:00,314.05,20.65,18.895,20.25,26.1,2023,94,13,94.54166667,2.78,NA,NA,1.72,1.06,NA,NA,16.187
2023/4/4 14:00,1148.5,20.71,18.98,20.2,26.1,2023,94,14,94.58333333,2.73,NA,NA,1.73,1,NA,NA,15.8805
2023/4/4 15:00,416.9,20.865,19.045,20.2,26.05,2023,94,15,94.625,3.31,NA,NA,1.76,1.55,NA,NA,16.629
2023/4/4 16:00,283.35,20.835,19.11,20.2,25.95,2023,94,16,94.66666667,3.03,NA,NA,1.77,1.26,NA,NA,12.8873
2023/4/4 17:00,80.08,20.77,19.18,20.1,25.9,2023,94,17,94.70833333,3.33,NA,NA,NA,NA,NA,NA,8.62845
2023/4/4 18:00,10.2985,20.66,19.22,20.1,25.9,2023,94,18,94.75,3.61,NA,NA,NA,NA,NA,NA,3.92855
2023/4/4 19:00,0.063,20.555,19.255,20.1,25.9,2023,94,19,94.79166667,3.16,NA,NA,NA,NA,NA,NA,2.62185
2023/4/4 20:00,0.0675,20.455,19.27,20.1,25.8,2023,94,20,94.83333333,2.92,NA,NA,NA,NA,NA,NA,1.161475
2023/4/4 21:00,0.069,20.37,19.275,20.1,25.8,2023,94,21,94.875,3.24,NA,NA,NA,NA,NA,NA,0.5747015
2023/4/4 22:00,0.08,20.315,19.28,20.1,25.8,2023,94,22,94.91666667,3.51,NA,NA,NA,NA,NA,NA,1.265937
2023/4/4 23:00,0.064,20.275,19.27,20.1,25.8,2023,94,23,94.95833333,3.01,NA,NA,NA,NA,NA,NA,-2.048605
2023/4/5 0:00,0.0685,20.205,19.265,20.1,25.8,2023,95,0,95,3.06,NA,NA,NA,NA,NA,NA,-0.78102
2023/4/5 1:00,0.0655,20.155,19.26,20.1,25.8,2023,95,1,95.04166667,3.19,NA,NA,1.75,1.44,NA,NA,-1.03402
2023/4/5 2:00,0.0625,20.115,19.245,20.1,25.8,2023,95,2,95.08333333,3.16,NA,NA,1.75,1.41,NA,NA,-1.73005
2023/4/5 3:00,0.0735,20.08,19.24,20.1,25.8,2023,95,3,95.125,3.06,NA,NA,1.73,1.33,NA,NA,0.500445
2023/4/5 4:00,0.0685,20.04,19.23,20.1,25.8,2023,95,4,95.16666667,3.18,NA,NA,1.78,1.4,NA,NA,1.06493
2023/4/5 5:00,0.3145,19.99,19.22,20.1,25.7,2023,95,5,95.20833333,3.05,NA,NA,1.84,1.21,NA,NA,-0.25721
2023/4/5 6:00,31.98,19.905,19.205,20.1,25.7,2023,95,6,95.25,3.13,NA,NA,1.86,1.27,NA,NA,-0.38122
2023/4/5 7:00,225.65,19.875,19.19,20.1,25.7,2023,95,7,95.29166667,3.54,NA,NA,1.83,1.71,NA,NA,-0.68255
2023/4/5 8:00,53.17,19.93,19.17,20.2,25.7,2023,95,8,95.33333333,3.27,NA,NA,1.81,1.46,NA,NA,2.598
2023/4/5 9:00,57.455,19.735,19.17,21.5,26.05,2023,95,9,95.375,3.2,NA,NA,1.76,1.44,NA,NA,0.68155
2023/4/5 10:00,554.345,NA,NA,NA,NA,2023,95,10,95.41666667,5.47335,NA,NA,1.69,3.78335,NA,NA,1.88485
2023/4/5 11:00,1256,NA,NA,NA,NA,2023,95,11,95.45833333,2.92,NA,NA,1.96,0.96,NA,NA,9.76915
2023/4/5 12:00,867.65,NA,NA,NA,NA,2023,95,12,95.5,2.88,NA,NA,2.08,0.8,NA,NA,23.452
2023/4/5 13:00,493.7,NA,NA,NA,NA,2023,95,13,95.54166667,3.17,NA,NA,2.29,0.88,NA,NA,22.813
2023/4/5 14:00,222.55,NA,NA,NA,NA,2023,95,14,95.58333333,2.79,NA,NA,2.18,0.61,NA,NA,16.003
2023/4/5 15:00,270.75,NA,NA,NA,NA,2023,95,15,95.625,2.66,NA,NA,1.93,0.73,NA,NA,7.2788
2023/4/5 16:00,270.05,NA,NA,NA,NA,2023,95,16,95.66666667,2.55,NA,NA,1.84,0.71,NA,NA,10.5541
2023/4/5 17:00,32.065,NA,NA,NA,NA,2023,95,17,95.70833333,2.76,NA,NA,1.75,1.01,NA,NA,6.97505
2023/4/5 18:00,17.3705,NA,NA,NA,NA,2023,95,18,95.75,2.29,NA,NA,1.69,0.6,NA,NA,0.22429
2023/4/5 19:00,0.0605,NA,NA,NA,NA,2023,95,19,95.79166667,2.31,NA,NA,1.7,0.61,NA,NA,-0.780365
